[{"model": "auth.permission", "pk": 1, "fields": {"name": "Can add log entry", "content_type": 1, "codename": "add_logentry"}}, {"model": "auth.permission", "pk": 2, "fields": {"name": "Can change log entry", "content_type": 1, "codename": "change_logentry"}}, {"model": "auth.permission", "pk": 3, "fields": {"name": "Can delete log entry", "content_type": 1, "codename": "delete_logentry"}}, {"model": "auth.permission", "pk": 4, "fields": {"name": "Can view log entry", "content_type": 1, "codename": "view_logentry"}}, {"model": "auth.permission", "pk": 5, "fields": {"name": "Can add permission", "content_type": 2, "codename": "add_permission"}}, {"model": "auth.permission", "pk": 6, "fields": {"name": "Can change permission", "content_type": 2, "codename": "change_permission"}}, {"model": "auth.permission", "pk": 7, "fields": {"name": "Can delete permission", "content_type": 2, "codename": "delete_permission"}}, {"model": "auth.permission", "pk": 8, "fields": {"name": "Can view permission", "content_type": 2, "codename": "view_permission"}}, {"model": "auth.permission", "pk": 9, "fields": {"name": "Can add group", "content_type": 3, "codename": "add_group"}}, {"model": "auth.permission", "pk": 10, "fields": {"name": "Can change group", "content_type": 3, "codename": "change_group"}}, {"model": "auth.permission", "pk": 11, "fields": {"name": "Can delete group", "content_type": 3, "codename": "delete_group"}}, {"model": "auth.permission", "pk": 12, "fields": {"name": "Can view group", "content_type": 3, "codename": "view_group"}}, {"model": "auth.permission", "pk": 13, "fields": {"name": "Can add user", "content_type": 4, "codename": "add_user"}}, {"model": "auth.permission", "pk": 14, "fields": {"name": "Can change user", "content_type": 4, "codename": "change_user"}}, {"model": "auth.permission", "pk": 15, "fields": {"name": "Can delete user", "content_type": 4, "codename": "delete_user"}}, {"model": "auth.permission", "pk": 16, "fields": {"name": "Can view user", "content_type": 4, "codename": "view_user"}}, {"model": "auth.permission", "pk": 17, "fields": {"name": "Can add content type", "content_type": 5, "codename": "add_contenttype"}}, {"model": "auth.permission", "pk": 18, "fields": {"name": "Can change content type", "content_type": 5, "codename": "change_contenttype"}}, {"model": "auth.permission", "pk": 19, "fields": {"name": "Can delete content type", "content_type": 5, "codename": "delete_contenttype"}}, {"model": "auth.permission", "pk": 20, "fields": {"name": "Can view content type", "content_type": 5, "codename": "view_contenttype"}}, {"model": "auth.permission", "pk": 21, "fields": {"name": "Can add session", "content_type": 6, "codename": "add_session"}}, {"model": "auth.permission", "pk": 22, "fields": {"name": "Can change session", "content_type": 6, "codename": "change_session"}}, {"model": "auth.permission", "pk": 23, "fields": {"name": "Can delete session", "content_type": 6, "codename": "delete_session"}}, {"model": "auth.permission", "pk": 24, "fields": {"name": "Can view session", "content_type": 6, "codename": "view_session"}}, {"model": "auth.permission", "pk": 25, "fields": {"name": "Can add recipient", "content_type": 7, "codename": "add_recipient"}}, {"model": "auth.permission", "pk": 26, "fields": {"name": "Can change recipient", "content_type": 7, "codename": "change_recipient"}}, {"model": "auth.permission", "pk": 27, "fields": {"name": "Can delete recipient", "content_type": 7, "codename": "delete_recipient"}}, {"model": "auth.permission", "pk": 28, "fields": {"name": "Can view recipient", "content_type": 7, "codename": "view_recipient"}}, {"model": "auth.permission", "pk": 29, "fields": {"name": "Can add staff", "content_type": 8, "codename": "add_staff"}}, {"model": "auth.permission", "pk": 30, "fields": {"name": "Can change staff", "content_type": 8, "codename": "change_staff"}}, {"model": "auth.permission", "pk": 31, "fields": {"name": "Can delete staff", "content_type": 8, "codename": "delete_staff"}}, {"model": "auth.permission", "pk": 32, "fields": {"name": "Can view staff", "content_type": 8, "codename": "view_staff"}}, {"model": "auth.permission", "pk": 33, "fields": {"name": "Can add subcode", "content_type": 9, "codename": "add_subcode"}}, {"model": "auth.permission", "pk": 34, "fields": {"name": "Can change subcode", "content_type": 9, "codename": "change_subcode"}}, {"model": "auth.permission", "pk": 35, "fields": {"name": "Can delete subcode", "content_type": 9, "codename": "delete_subcode"}}, {"model": "auth.permission", "pk": 36, "fields": {"name": "Can view subcode", "content_type": 9, "codename": "view_subcode"}}, {"model": "auth.permission", "pk": 37, "fields": {"name": "Can add unit", "content_type": 10, "codename": "add_unit"}}, {"model": "auth.permission", "pk": 38, "fields": {"name": "Can change unit", "content_type": 10, "codename": "change_unit"}}, {"model": "auth.permission", "pk": 39, "fields": {"name": "Can delete unit", "content_type": 10, "codename": "delete_unit"}}, {"model": "auth.permission", "pk": 40, "fields": {"name": "Can view unit", "content_type": 10, "codename": "view_unit"}}, {"model": "auth.permission", "pk": 41, "fields": {"name": "Can add accounts", "content_type": 11, "codename": "add_accounts"}}, {"model": "auth.permission", "pk": 42, "fields": {"name": "Can change accounts", "content_type": 11, "codename": "change_accounts"}}, {"model": "auth.permission", "pk": 43, "fields": {"name": "Can delete accounts", "content_type": 11, "codename": "delete_accounts"}}, {"model": "auth.permission", "pk": 44, "fields": {"name": "Can view accounts", "content_type": 11, "codename": "view_accounts"}}, {"model": "auth.permission", "pk": 45, "fields": {"name": "Can add account", "content_type": 11, "codename": "add_account"}}, {"model": "auth.permission", "pk": 46, "fields": {"name": "Can change account", "content_type": 11, "codename": "change_account"}}, {"model": "auth.permission", "pk": 47, "fields": {"name": "Can delete account", "content_type": 11, "codename": "delete_account"}}, {"model": "auth.permission", "pk": 48, "fields": {"name": "Can view account", "content_type": 11, "codename": "view_account"}}, {"model": "auth.user", "pk": 1, "fields": {"password": "pbkdf2_sha256$260000$hq9PimTEf5CJocIUPG7VZ1$8zD9/A/9QHQQZEJctMnABZeJfSsP8MCkZx+8DAvuUsA=", "last_login": "2021-10-27T16:21:23.940Z", "is_superuser": true, "username": "admin", "first_name": "", "last_name": "", "email": "admin@admin.com", "is_staff": true, "is_active": true, "date_joined": "2021-10-27T16:21:11.817Z", "groups": [], "user_permissions": []}}, {"model": "contenttypes.contenttype", "pk": 1, "fields": {"app_label": "admin", "model": "logentry"}}, {"model": "contenttypes.contenttype", "pk": 2, "fields": {"app_label": "auth", "model": "permission"}}, {"model": "contenttypes.contenttype", "pk": 3, "fields": {"app_label": "auth", "model": "group"}}, {"model": "contenttypes.contenttype", "pk": 4, "fields": {"app_label": "auth", "model": "user"}}, {"model": "contenttypes.contenttype", "pk": 5, "fields": {"app_label": "contenttypes", "model": "contenttype"}}, {"model": "contenttypes.contenttype", "pk": 6, "fields": {"app_label": "sessions", "model": "session"}}, {"model": "contenttypes.contenttype", "pk": 7, "fields": {"app_label": "qdb", "model": "recipient"}}, {"model": "contenttypes.contenttype", "pk": 8, "fields": {"app_label": "qdb", "model": "staff"}}, {"model": "contenttypes.contenttype", "pk": 9, "fields": {"app_label": "qdb", "model": "subcode"}}, {"model": "contenttypes.contenttype", "pk": 10, "fields": {"app_label": "qdb", "model": "unit"}}, {"model": "contenttypes.contenttype", "pk": 11, "fields": {"app_label": "qdb", "model": "account"}}, {"model": "sessions.session", "pk": "wo0g3rjc1f87r38xudy1g5jtegssu0g1", "fields": {"session_data": ".eJxVjEEOwiAUBe_C2hCgvxBcuvcM5MEHqRqalHZlvLs26UK3b2beSwRsaw1bz0uYWJyFFqffLSI9ctsB39Fus0xzW5cpyl2RB-3yOnN-Xg7376Ci128dVXFe6YGhAKYMOxRYJs4cmaIvIOfZK9DoDYyOrhhGYrI-01iKeH8AFPE5SQ:1mflg3:DoS5ocPPsDO1Q8pwWqbbA15dbZtbmpKrzQwNXuqVws4", "expire_date": "2021-11-10T16:21:23.947Z"}}, {"model": "qdb.staff", "pk": 1, "fields": {"name": "Sharon Farb", "email": "farb@library.ucla.edu"}}, {"model": "qdb.staff", "pk": 2, "fields": {"name": "Teresa Barnett", "email": "tbarnett@library.ucla.edu"}}, {"model": "qdb.staff", "pk": 3, "fields": {"name": "Doris Wang", "email": "doris@library.ucla.edu"}}, {"model": "qdb.staff", "pk": 4, "fields": {"name": "Alison Scott", "email": "alisonms@library.ucla.edu"}}, {"model": "qdb.staff", "pk": 5, "fields": {"name": "Judy Consales", "email": "consales@library.ucla.edu"}}, {"model": "qdb.staff", "pk": 6, "fields": {"name": "Todd Grappone", "email": "grappone@library.ucla.edu"}}, {"model": "qdb.staff", "pk": 7, "fields": {"name": "Lisa McAulay", "email": "emcaulay@library.ucla.edu"}}, {"model": "qdb.staff", "pk": 8, "fields": {"name": "Ginny Steel", "email": "vsteel@library.ucla.edu"}}, {"model": "qdb.staff", "pk": 9, "fields": {"name": "Gloria Robledo", "email": "grobledo@library.ucla.edu"}}, {"model": "qdb.staff", "pk": 10, "fields": {"name": "Ariane Bicho", "email": "abicho@library.ucla.edu"}}, {"model": "qdb.staff", "pk": 11, "fields": {"name": "Stephanie Kimura", "email": "sbkimura@library.ucla.edu"}}, {"model": "qdb.staff", "pk": 12, "fields": {"name": "Tom Rosholt", "email": "trosholt@library.ucla.edu"}}, {"model": "qdb.staff", "pk": 13, "fields": {"name": "Rikke Ogawa", "email": "rikke.ogawa@library.ucla.edu"}}, {"model": "qdb.staff", "pk": 14, "fields": {"name": "Russell Johnson", "email": "rjohnson@library.ucla.edu"}}, {"model": "qdb.staff", "pk": 15, "fields": {"name": "Doug Worsham", "email": "dworsham@library.ucla.edu"}}, {"model": "qdb.staff", "pk": 16, "fields": {"name": "Carlo Medina", "email": "cmedina@library.ucla.edu"}}, {"model": "qdb.staff", "pk": 17, "fields": {"name": "Allison Benedetti", "email": "abenedetti@library.ucla.edu"}}, {"model": "qdb.staff", "pk": 18, "fields": {"name": "Bob Freel", "email": "bobfreel@library.ucla.edu"}}, {"model": "qdb.staff", "pk": 19, "fields": {"name": "Bridget Risemberg", "email": "brisembe@library.ucla.edu"}}, {"model": "qdb.staff", "pk": 20, "fields": {"name": "Callie Homes", "email": "cholmes@library.ucla.edu"}}, {"model": "qdb.staff", "pk": 21, "fields": {"name": "Angela Horne", "email": "ahorne@library.ucla.edu"}}, {"model": "qdb.staff", "pk": 22, "fields": {"name": "Su Chen", "email": "suchen11@library.ucla.edu"}}, {"model": "qdb.staff", "pk": 23, "fields": {"name": "Heather Briston", "email": "hbriston@library.ucla.edu"}}, {"model": "qdb.staff", "pk": 24, "fields": {"name": "John Riemer", "email": "jriemer@library.ucla.edu"}}, {"model": "qdb.staff", "pk": 25, "fields": {"name": "Chela Metzger", "email": "cmetzger@library.ucla.edu"}}, {"model": "qdb.staff", "pk": 26, "fields": {"name": "Joshua Gomez", "email": "joshuagomez@library.ucla.edu"}}, {"model": "qdb.staff", "pk": 27, "fields": {"name": "Jessica Mentesoglu", "email": "jmentesoglu@library.ucla.edu"}}, {"model": "qdb.staff", "pk": 28, "fields": {"name": "Tim Dennis", "email": "tdennis@library.ucla.edu"}}, {"model": "qdb.staff", "pk": 29, "fields": {"name": "Courtney Dean", "email": "cdean@library.ucla.edu"}}, {"model": "qdb.staff", "pk": 30, "fields": {"name": "Courtney Jacobs", "email": "courtneyjacobs@library.ucla.edu"}}, {"model": "qdb.staff", "pk": 31, "fields": {"name": "Cathy Martyniak", "email": "cmartyniak@library.ucla.edu"}}, {"model": "qdb.staff", "pk": 32, "fields": {"name": "Jennifer Osorio", "email": "josoriok@library.ucla.edu"}}, {"model": "qdb.staff", "pk": 33, "fields": {"name": "May HaDuong", "email": "mhaduong@cinema.ucla.edu"}}, {"model": "qdb.staff", "pk": 34, "fields": {"name": "Christine Barone", "email": "cbar@library.ucla.edu"}}, {"model": "qdb.unit", "pk": 1, "fields": {"name": "Oral History"}}, {"model": "qdb.unit", "pk": 2, "fields": {"name": "LBS"}}, {"model": "qdb.unit", "pk": 3, "fields": {"name": "Communication"}}, {"model": "qdb.unit", "pk": 4, "fields": {"name": "Digital Library"}}, {"model": "qdb.unit", "pk": 5, "fields": {"name": "LHR"}}, {"model": "qdb.unit", "pk": 6, "fields": {"name": "Development"}}, {"model": "qdb.unit", "pk": 7, "fields": {"name": "Building Services"}}, {"model": "qdb.unit", "pk": 8, "fields": {"name": "Access Services"}}, {"model": "qdb.unit", "pk": 9, "fields": {"name": "Powell"}}, {"model": "qdb.unit", "pk": 10, "fields": {"name": "Arts"}}, {"model": "qdb.unit", "pk": 11, "fields": {"name": "Music"}}, {"model": "qdb.unit", "pk": 12, "fields": {"name": "Management"}}, {"model": "qdb.unit", "pk": 13, "fields": {"name": "EAL"}}, {"model": "qdb.unit", "pk": 14, "fields": {"name": "HSSD"}}, {"model": "qdb.unit", "pk": 15, "fields": {"name": "LSC"}}, {"model": "qdb.unit", "pk": 16, "fields": {"name": "Acquisitions"}}, {"model": "qdb.unit", "pk": 17, "fields": {"name": "Cataloging"}}, {"model": "qdb.unit", "pk": 18, "fields": {"name": "Conservation"}}, {"model": "qdb.unit", "pk": 19, "fields": {"name": "DIIT Operations & Services"}}, {"model": "qdb.unit", "pk": 20, "fields": {"name": "DIIT Data Science Center"}}, {"model": "qdb.unit", "pk": 21, "fields": {"name": "DIIT Software Development"}}, {"model": "qdb.unit", "pk": 22, "fields": {"name": "International & Area Studies"}}, {"model": "qdb.unit", "pk": 23, "fields": {"name": "BioMed"}}, {"model": "qdb.unit", "pk": 24, "fields": {"name": "SEL"}}, {"model": "qdb.unit", "pk": 25, "fields": {"name": "SRLF"}}, {"model": "qdb.unit", "pk": 26, "fields": {"name": "CLICC"}}, {"model": "qdb.unit", "pk": 27, "fields": {"name": "FTVA"}}, {"model": "qdb.recipient", "pk": 1, "fields": {"unit": 1, "recipient": 32, "role": "head"}}, {"model": "qdb.recipient", "pk": 2, "fields": {"unit": 1, "recipient": 1, "role": "aul"}}, {"model": "qdb.recipient", "pk": 3, "fields": {"unit": 2, "recipient": 3, "role": "head"}}, {"model": "qdb.recipient", "pk": 4, "fields": {"unit": 3, "recipient": 10, "role": "head"}}, {"model": "qdb.recipient", "pk": 5, "fields": {"unit": 4, "recipient": 7, "role": "head"}}, {"model": "qdb.recipient", "pk": 6, "fields": {"unit": 4, "recipient": 6, "role": "aul"}}, {"model": "qdb.recipient", "pk": 7, "fields": {"unit": 6, "recipient": 11, "role": "head"}}, {"model": "qdb.recipient", "pk": 8, "fields": {"unit": 7, "recipient": 12, "role": "head"}}, {"model": "qdb.recipient", "pk": 9, "fields": {"unit": 8, "recipient": 16, "role": "head"}}, {"model": "qdb.recipient", "pk": 10, "fields": {"unit": 8, "recipient": 5, "role": "aul"}}, {"model": "qdb.recipient", "pk": 11, "fields": {"unit": 9, "recipient": 17, "role": "head"}}, {"model": "qdb.recipient", "pk": 12, "fields": {"unit": 9, "recipient": 5, "role": "aul"}}, {"model": "qdb.recipient", "pk": 13, "fields": {"unit": 10, "recipient": 17, "role": "head"}}, {"model": "qdb.recipient", "pk": 14, "fields": {"unit": 10, "recipient": 5, "role": "aul"}}, {"model": "qdb.recipient", "pk": 15, "fields": {"unit": 11, "recipient": 17, "role": "head"}}, {"model": "qdb.recipient", "pk": 16, "fields": {"unit": 11, "recipient": 5, "role": "aul"}}, {"model": "qdb.recipient", "pk": 17, "fields": {"unit": 12, "recipient": 21, "role": "head"}}, {"model": "qdb.recipient", "pk": 18, "fields": {"unit": 12, "recipient": 5, "role": "aul"}}, {"model": "qdb.recipient", "pk": 19, "fields": {"unit": 13, "recipient": 22, "role": "head"}}, {"model": "qdb.recipient", "pk": 20, "fields": {"unit": 13, "recipient": 1, "role": "aul"}}, {"model": "qdb.recipient", "pk": 21, "fields": {"unit": 14, "recipient": 21, "role": "head"}}, {"model": "qdb.recipient", "pk": 22, "fields": {"unit": 14, "recipient": 5, "role": "aul"}}, {"model": "qdb.recipient", "pk": 23, "fields": {"unit": 15, "recipient": 32, "role": "head"}}, {"model": "qdb.recipient", "pk": 24, "fields": {"unit": 15, "recipient": 1, "role": "aul"}}, {"model": "qdb.recipient", "pk": 25, "fields": {"unit": 16, "recipient": 24, "role": "head"}}, {"model": "qdb.recipient", "pk": 26, "fields": {"unit": 16, "recipient": 4, "role": "aul"}}, {"model": "qdb.recipient", "pk": 27, "fields": {"unit": 17, "recipient": 24, "role": "head"}}, {"model": "qdb.recipient", "pk": 28, "fields": {"unit": 17, "recipient": 4, "role": "aul"}}, {"model": "qdb.recipient", "pk": 29, "fields": {"unit": 18, "recipient": 25, "role": "head"}}, {"model": "qdb.recipient", "pk": 30, "fields": {"unit": 18, "recipient": 4, "role": "aul"}}, {"model": "qdb.recipient", "pk": 31, "fields": {"unit": 19, "recipient": 27, "role": "head"}}, {"model": "qdb.recipient", "pk": 32, "fields": {"unit": 19, "recipient": 6, "role": "aul"}}, {"model": "qdb.recipient", "pk": 33, "fields": {"unit": 20, "recipient": 28, "role": "head"}}, {"model": "qdb.recipient", "pk": 34, "fields": {"unit": 20, "recipient": 6, "role": "aul"}}, {"model": "qdb.recipient", "pk": 35, "fields": {"unit": 21, "recipient": 26, "role": "head"}}, {"model": "qdb.recipient", "pk": 36, "fields": {"unit": 21, "recipient": 6, "role": "aul"}}, {"model": "qdb.recipient", "pk": 37, "fields": {"unit": 22, "recipient": 32, "role": "head"}}, {"model": "qdb.recipient", "pk": 38, "fields": {"unit": 22, "recipient": 1, "role": "aul"}}, {"model": "qdb.recipient", "pk": 39, "fields": {"unit": 23, "recipient": 13, "role": "head"}}, {"model": "qdb.recipient", "pk": 40, "fields": {"unit": 23, "recipient": 5, "role": "aul"}}, {"model": "qdb.recipient", "pk": 41, "fields": {"unit": 24, "recipient": 13, "role": "head"}}, {"model": "qdb.recipient", "pk": 42, "fields": {"unit": 24, "recipient": 5, "role": "aul"}}, {"model": "qdb.recipient", "pk": 43, "fields": {"unit": 25, "recipient": 31, "role": "head"}}, {"model": "qdb.recipient", "pk": 44, "fields": {"unit": 25, "recipient": 4, "role": "aul"}}, {"model": "qdb.recipient", "pk": 45, "fields": {"unit": 26, "recipient": 27, "role": "head"}}, {"model": "qdb.recipient", "pk": 46, "fields": {"unit": 26, "recipient": 6, "role": "aul"}}, {"model": "qdb.recipient", "pk": 47, "fields": {"unit": 27, "recipient": 3, "role": "head"}}, {"model": "qdb.subcode", "pk": 1, "fields": {"code": "00", "titles": "Salaries - Academic", "notes": "LBS will balance sub 00 fund 19900 at year end"}}, {"model": "qdb.subcode", "pk": 2, "fields": {"code": "01", "titles": "Salaries - Staff", "notes": "LBS will balance sub 01 fund 19900 at year end"}}, {"model": "qdb.subcode", "pk": 3, "fields": {"code": "02", "titles": "General Assistance", "notes": "Please use other (sub 02 only) LBS monthly report to track the allocations and expenditures"}}, {"model": "qdb.subcode", "pk": 4, "fields": {"code": "03", "titles": "Supplies and Expense", "notes": "Includes travel"}}, {"model": "qdb.subcode", "pk": 5, "fields": {"code": "04", "titles": "Equipment and Facilities", "notes": ""}}, {"model": "qdb.subcode", "pk": 6, "fields": {"code": "05", "titles": "Books/Collections", "notes": ""}}, {"model": "qdb.subcode", "pk": 7, "fields": {"code": "06", "titles": "Employee Benefits", "notes": "19900 benefits will be funded from the Library Reserve account at year end"}}, {"model": "qdb.subcode", "pk": 8, "fields": {"code": "07", "titles": "Special Items", "notes": ""}}, {"model": "qdb.subcode", "pk": 9, "fields": {"code": "08", "titles": "Unallocated Funds", "notes": ""}}, {"model": "qdb.subcode", "pk": 10, "fields": {"code": "09", "titles": "Recharges and Departments", "notes": ""}}, {"model": "qdb.subcode", "pk": 11, "fields": {"code": "9H", "titles": "Overhead (F&A)", "notes": "Apply to Contracts and Grants"}}, {"model": "qdb.account", "pk": 1, "fields": {"account": "436000", "cost_center": "", "title": "LIBRARY:COLL DEVELOP-ORAL HISTORY", "unit": 1}}, {"model": "qdb.account", "pk": 2, "fields": {"account": "436000", "cost_center": "BF", "title": "LIBRARY:COLL DEV-ORAL HSTR/BUS FORECAST", "unit": 1}}, {"model": "qdb.account", "pk": 3, "fields": {"account": "436000", "cost_center": "CH", "title": "LIB:COLL DEV-ORAL HIST/CHINESE HIST-LA", "unit": 1}}, {"model": "qdb.account", "pk": 4, "fields": {"account": "436000", "cost_center": "EN", "title": "LIBRARY:COLL DEV-ORAL HSTR/ENTREPRENEUR", "unit": 1}}, {"model": "qdb.account", "pk": 5, "fields": {"account": "436000", "cost_center": "GR", "title": "LIBRARY:COLL DEV-ORAL HIST/GRAD RESEARCH", "unit": 1}}, {"model": "qdb.account", "pk": 6, "fields": {"account": "436000", "cost_center": "LW", "title": "LIBRARY:COLL DEV-ORAL HISTORY/LAW PROJ", "unit": 1}}, {"model": "qdb.account", "pk": 7, "fields": {"account": "436000", "cost_center": "NP", "title": "LIBRARY:COLL DEV-ORAL HISTORY/NPI PROJ", "unit": 1}}, {"model": "qdb.account", "pk": 8, "fields": {"account": "436000", "cost_center": "OH", "title": "LIBRARY:COLL DEV/ORAL HIST/ORAL HIST CTR", "unit": 1}}, {"model": "qdb.account", "pk": 9, "fields": {"account": "436000", "cost_center": "RH", "title": "LIBRARY:COLL DEV/ORAL HIST/ORAL HIST PRG", "unit": 1}}, {"model": "qdb.account", "pk": 10, "fields": {"account": "600001", "cost_center": "", "title": "LIBRARY:ADM SVC-ADMIN SERVICES", "unit": 2}}, {"model": "qdb.account", "pk": 11, "fields": {"account": "600001", "cost_center": "AD", "title": "LIBRARY:ADM SVC-ADMIN SERV/ADMINISTRATIV", "unit": 2}}, {"model": "qdb.account", "pk": 12, "fields": {"account": "600001", "cost_center": "AF", "title": "LIBRARY:ADM SVC-ADMIN SERV/ADMIN OFF", "unit": 2}}, {"model": "qdb.account", "pk": 13, "fields": {"account": "600001", "cost_center": "AR", "title": "LIBRARY:ADM SVC-ADMIN SERV/ACAD RECRUIT", "unit": 2}}, {"model": "qdb.account", "pk": 14, "fields": {"account": "600001", "cost_center": "AT", "title": "LIBRARY:ADM SVC-ADMIN SERV/ADMIN TRAVEL", "unit": 2}}, {"model": "qdb.account", "pk": 15, "fields": {"account": "600001", "cost_center": "BT", "title": "LIBRARY:ADM SVC-ADM SVC/BUSINESS TRAVEL", "unit": 2}}, {"model": "qdb.account", "pk": 16, "fields": {"account": "600001", "cost_center": "CF", "title": "LIBRARY:ADM SVC-SUPPORT/UNI-LIBRARIAN", "unit": 2}}, {"model": "qdb.account", "pk": 17, "fields": {"account": "600001", "cost_center": "CO", "title": "LIBRARY:ADM SVC-ADMIN SERV/COMMUNICATION", "unit": 3}}, {"model": "qdb.account", "pk": 18, "fields": {"account": "600001", "cost_center": "CR", "title": "LIBRARY:ADM SVC-ADM SVC/CONFERENCE ROOM", "unit": 2}}, {"model": "qdb.account", "pk": 19, "fields": {"account": "600001", "cost_center": "DE", "title": "LIBRARY:ADM SVC-ADMIN SERV/DEVELOPMENT", "unit": 2}}, {"model": "qdb.account", "pk": 20, "fields": {"account": "600001", "cost_center": "DL", "title": "LIBRARY:ADM SVC-ADM SERV/DIGITAL LIBRARY", "unit": 2}}, {"model": "qdb.account", "pk": 21, "fields": {"account": "600001", "cost_center": "DV", "title": "LIBRARY:ADM SVC-ADMIN SERVICES/DIVERSITY", "unit": 2}}, {"model": "qdb.account", "pk": 22, "fields": {"account": "600001", "cost_center": "EH", "title": "LIBRARY:ADM SVC-ADMIN SER/INTERCAMPUS EX", "unit": 2}}, {"model": "qdb.account", "pk": 23, "fields": {"account": "600001", "cost_center": "FD", "title": "LIBRARY:ADM SVC-ADMIN SERV/FRIENDS", "unit": 2}}, {"model": "qdb.account", "pk": 24, "fields": {"account": "600001", "cost_center": "GE", "title": "LIBRARY:ADM SVC-ADMIN SERV/GENERAL", "unit": 2}}, {"model": "qdb.account", "pk": 25, "fields": {"account": "600001", "cost_center": "HD", "title": "LIBRARY:ADM SVC-ADMIN SERV/HOLD", "unit": 2}}, {"model": "qdb.account", "pk": 26, "fields": {"account": "600001", "cost_center": "HP", "title": "LIBRARY:ADM SVC-ADM SVC/UCLA HISTORY PRO", "unit": 2}}, {"model": "qdb.account", "pk": 27, "fields": {"account": "600001", "cost_center": "ID", "title": "ADM SVC-ADMIN SERV/IDEP 1.5", "unit": 4}}, {"model": "qdb.account", "pk": 28, "fields": {"account": "600001", "cost_center": "IM", "title": "LIBRARY:ADM SVC-ADMIN SERV/INST MEMBRSHP", "unit": 2}}, {"model": "qdb.account", "pk": 29, "fields": {"account": "600001", "cost_center": "KN", "title": "LIBRARY:ADM SVC-ADMIN SERV/KINROSS", "unit": 2}}, {"model": "qdb.account", "pk": 30, "fields": {"account": "600001", "cost_center": "L1", "title": "LIBRARY:ADM SVC-ADMIN SERV/LAUC 2", "unit": 2}}, {"model": "qdb.account", "pk": 31, "fields": {"account": "600001", "cost_center": "LA", "title": "LIBRARY:ADM SVC-ADMIN SERV/LAUC-LA", "unit": 2}}, {"model": "qdb.account", "pk": 32, "fields": {"account": "600001", "cost_center": "LM", "title": "LIBRARY:ADM SVC-ADMIN SER/LIB MATERIAL", "unit": 2}}, {"model": "qdb.account", "pk": 33, "fields": {"account": "600001", "cost_center": "LS", "title": "LIBRARY:ADM SVC-ADMIN SERV/LSA", "unit": 2}}, {"model": "qdb.account", "pk": 34, "fields": {"account": "600001", "cost_center": "LT", "title": "LIBRARY:ADM SVC-ADMIN SVCS/LIMIT CARDS", "unit": 2}}, {"model": "qdb.account", "pk": 35, "fields": {"account": "600001", "cost_center": "MC", "title": "LIBRARY:ADM SVC-ADM SVC/MGT CNCL-PD TRVL", "unit": 2}}, {"model": "qdb.account", "pk": 36, "fields": {"account": "600001", "cost_center": "MG", "title": "LIBRARY:ADM SVC-ADMIN SRV/MGMT LIB STUDY", "unit": 2}}, {"model": "qdb.account", "pk": 37, "fields": {"account": "600001", "cost_center": "MS", "title": "LIBRARY:ADM SVC-MURPHY SCLPTRE GRDN PROJ", "unit": 2}}, {"model": "qdb.account", "pk": 38, "fields": {"account": "600001", "cost_center": "OD", "title": "LIBRARY:ADM SVC-ADMIN SER/ORG DEVELOPMNT", "unit": 2}}, {"model": "qdb.account", "pk": 39, "fields": {"account": "600001", "cost_center": "OM", "title": "LIBRARY:ADM SVC-ADMIN SERV/OMP-MAINT", "unit": 2}}, {"model": "qdb.account", "pk": 40, "fields": {"account": "600001", "cost_center": "PD", "title": "LIBRARY:ADM SVC-ADMIN SERV/PROF DEV", "unit": 2}}, {"model": "qdb.account", "pk": 41, "fields": {"account": "600001", "cost_center": "PH", "title": "LIBRARY:ADM SVC-ADMIN SERV/PHYSICS PROJ", "unit": 2}}, {"model": "qdb.account", "pk": 42, "fields": {"account": "600001", "cost_center": "PW", "title": "LIBRARY:ADM SVC-ADMIN SERVICES/POWELL", "unit": 2}}, {"model": "qdb.account", "pk": 43, "fields": {"account": "600001", "cost_center": "RS", "title": "LIBRARY:ADM SVC-ADMIN SERV/RESERVE", "unit": 2}}, {"model": "qdb.account", "pk": 44, "fields": {"account": "600001", "cost_center": "S1", "title": "LIBRARY:ADM SVC/SUSPENSE REDIRECT", "unit": 2}}, {"model": "qdb.account", "pk": 45, "fields": {"account": "600001", "cost_center": "S2", "title": "LIBRARY:ADM SVC/WS CBR-GAEL REDIRECT", "unit": 2}}, {"model": "qdb.account", "pk": 46, "fields": {"account": "600001", "cost_center": "SF", "title": "LIBRARY:ADM SVC-ADMIN SERV/SRLF", "unit": 2}}, {"model": "qdb.account", "pk": 47, "fields": {"account": "600001", "cost_center": "SH", "title": "LIBRARY:ADM SVC-ADM SRV/RESOURCE SHARING", "unit": 2}}, {"model": "qdb.account", "pk": 48, "fields": {"account": "600001", "cost_center": "SP", "title": "LIBRARY:ADM SVC-ADMIN SERV/SPEC PROJECTS", "unit": 2}}, {"model": "qdb.account", "pk": 49, "fields": {"account": "600001", "cost_center": "SU", "title": "LIBRARY:ADM SVC-ADMIN SERV/SC PROJECT", "unit": 2}}, {"model": "qdb.account", "pk": 50, "fields": {"account": "600001", "cost_center": "TI", "title": "LIBRARY:ADM SVC-AS/TECHNO INNOVATION", "unit": 2}}, {"model": "qdb.account", "pk": 51, "fields": {"account": "600001", "cost_center": "UL", "title": "LIBRARY:ADM SVC-ADMIN SERV/UNI-LIBRARIAN", "unit": 2}}, {"model": "qdb.account", "pk": 52, "fields": {"account": "600001", "cost_center": "UT", "title": "LIBRARY:ADM SVC-ADMIN SERV/UTILITIES", "unit": 2}}, {"model": "qdb.account", "pk": 53, "fields": {"account": "600001", "cost_center": "Y2", "title": "LIBRARY:ADM SVC-ADM SERV/YRL RMDL-2ND FL", "unit": 2}}, {"model": "qdb.account", "pk": 54, "fields": {"account": "600001", "cost_center": "YA", "title": "LIBRARY:ADM SVC-ADMIN SRV/YRL RMDL-A-LEV", "unit": 2}}, {"model": "qdb.account", "pk": 55, "fields": {"account": "600001", "cost_center": "YC", "title": "LIBRARY:ADM SVC-ADMIN SERV/YRL COMMONS", "unit": 2}}, {"model": "qdb.account", "pk": 56, "fields": {"account": "600001", "cost_center": "YM", "title": "LIBRARY:ADM SVC-ADMIN SRV/YRL RMDL-MAIN", "unit": 2}}, {"model": "qdb.account", "pk": 57, "fields": {"account": "600001", "cost_center": "YR", "title": "LIBRARY:ADM SVC-ADMIN SRV/YRL REMODEL", "unit": 2}}, {"model": "qdb.account", "pk": 58, "fields": {"account": "600010", "cost_center": "", "title": "LIB:ADM SVC-ADM-DEPUTY UNIV LIBRARIAN", "unit": 2}}, {"model": "qdb.account", "pk": 59, "fields": {"account": "600010", "cost_center": "AD", "title": "LIB:ADM SVC-ADM-DEP UNIV LIBRAR/ADMIN", "unit": 2}}, {"model": "qdb.account", "pk": 60, "fields": {"account": "600100", "cost_center": "", "title": "LIBRARY: ADMIN SERVICES-HUMAN RESOURCES", "unit": 5}}, {"model": "qdb.account", "pk": 61, "fields": {"account": "600100", "cost_center": "AP", "title": "LIBRARY:ADM SVC-HUMAN RES/ADPT TECH", "unit": 5}}, {"model": "qdb.account", "pk": 62, "fields": {"account": "600100", "cost_center": "DV", "title": "LIBRARY:ADM SVC-HUMAN RES/DIVERSITY", "unit": 5}}, {"model": "qdb.account", "pk": 63, "fields": {"account": "600100", "cost_center": "HR", "title": "LIBRARY:ADM SVC-HUMAN RES/HUMAN RESRCS", "unit": 5}}, {"model": "qdb.account", "pk": 64, "fields": {"account": "600100", "cost_center": "HS", "title": "LIBRARY:ADM SVC-HUMAN RES/HLTH & SAFETY", "unit": 5}}, {"model": "qdb.account", "pk": 65, "fields": {"account": "600100", "cost_center": "OR", "title": "LIBRARY:ADM SVC-HUMAN RES/OTHER RECRUIT", "unit": 5}}, {"model": "qdb.account", "pk": 66, "fields": {"account": "600100", "cost_center": "SD", "title": "LIBRARY:ADM SVC-HUMAN RES/STAFF DEV", "unit": 5}}, {"model": "qdb.account", "pk": 67, "fields": {"account": "600200", "cost_center": "", "title": "LIBRARY: ADMIN SERVICES-FINANCIAL", "unit": 2}}, {"model": "qdb.account", "pk": 68, "fields": {"account": "600200", "cost_center": "CS", "title": "LIBRARY: ADM SVC-FINAN SVCS/CASHIERING", "unit": 2}}, {"model": "qdb.account", "pk": 69, "fields": {"account": "600200", "cost_center": "FE", "title": "LIBRARY: ADM SVC-FIN SVCS/PROC FEES", "unit": 2}}, {"model": "qdb.account", "pk": 70, "fields": {"account": "600200", "cost_center": "FS", "title": "LIBRARY:ADM SVC-FINAN SVCS/FINAN SVCS", "unit": 2}}, {"model": "qdb.account", "pk": 71, "fields": {"account": "600200", "cost_center": "SR", "title": "LIBRARY:ADM SVC-FINAN SVCS/STOCKROOM", "unit": 2}}, {"model": "qdb.account", "pk": 72, "fields": {"account": "600200", "cost_center": "TS", "title": "LIBRARY: ADM SVC-FIN SVCS/TECHNICAL SRVS", "unit": 2}}, {"model": "qdb.account", "pk": 73, "fields": {"account": "600300", "cost_center": "", "title": "LIBRARY: ADMIN SVC-EXTERNAL AFF/LIB DEV", "unit": 6}}, {"model": "qdb.account", "pk": 74, "fields": {"account": "600300", "cost_center": "DE", "title": "LIBRARY: ADMIN SVC-EXT AFF/LIB DEV-DEV", "unit": 6}}, {"model": "qdb.account", "pk": 75, "fields": {"account": "600300", "cost_center": "SD", "title": "LIBRARY:ADMIN SVC-EXTERNAL AFF/STAFF DEV", "unit": 6}}, {"model": "qdb.account", "pk": 76, "fields": {"account": "600400", "cost_center": "", "title": "LIBRARY:ADM SVCS-BUILDING SERVICES", "unit": 7}}, {"model": "qdb.account", "pk": 77, "fields": {"account": "600400", "cost_center": "AP", "title": "LIBRARY:ADM SVCS-BLDG SVCS/ADPT TECH", "unit": 7}}, {"model": "qdb.account", "pk": 78, "fields": {"account": "600400", "cost_center": "BS", "title": "LIBRARY:ADM SVCS-BLDG SVCS/BUILDING SVCS", "unit": 7}}, {"model": "qdb.account", "pk": 79, "fields": {"account": "600400", "cost_center": "HS", "title": "LIBRARY:ADM SVC-BLDG SVCS/HLTH & SAFETY", "unit": 7}}, {"model": "qdb.account", "pk": 80, "fields": {"account": "600400", "cost_center": "MR", "title": "LIBRARY:ADM SVCS-BLDG SVCS/MAIL ROOM", "unit": 7}}, {"model": "qdb.account", "pk": 81, "fields": {"account": "600400", "cost_center": "SE", "title": "LIBRARY:ADM SVC-BLDG SVCS/SECURITY", "unit": 7}}, {"model": "qdb.account", "pk": 82, "fields": {"account": "600500", "cost_center": "", "title": "LIBRARY: ADM SVC", "unit": 2}}, {"model": "qdb.account", "pk": 83, "fields": {"account": "600500", "cost_center": "ST", "title": "LIBRARY: ADM SVC-ASSESSMENT & STATISTICS", "unit": 2}}, {"model": "qdb.account", "pk": 84, "fields": {"account": "601112", "cost_center": "", "title": "LIBRARY-CIRCULATION", "unit": 2}}, {"model": "qdb.account", "pk": 85, "fields": {"account": "602530", "cost_center": "", "title": "LIBRARY-INTERCAMPUS EXCHANGE", "unit": 2}}, {"model": "qdb.account", "pk": 86, "fields": {"account": "602550", "cost_center": "", "title": "LIBRARY-MICROFILMING PROJECT", "unit": 2}}, {"model": "qdb.account", "pk": 87, "fields": {"account": "602597", "cost_center": "", "title": "LIBRARY-ACADEMIC UPGRADES", "unit": 2}}, {"model": "qdb.account", "pk": 88, "fields": {"account": "602598", "cost_center": "", "title": "LIBRARY-PROV MERIT INC PROM", "unit": 2}}, {"model": "qdb.account", "pk": 89, "fields": {"account": "603000", "cost_center": "", "title": "LIBRARY:PUBLIC SVC", "unit": 2}}, {"model": "qdb.account", "pk": 90, "fields": {"account": "603000", "cost_center": "AD", "title": "LIBRARY:PUBLIC SVC/ADMINISTRATION", "unit": 2}}, {"model": "qdb.account", "pk": 91, "fields": {"account": "603000", "cost_center": "CM", "title": "LIBRARY:PUB SRV-ADM/CAMPBELL COMPETITION", "unit": 2}}, {"model": "qdb.account", "pk": 92, "fields": {"account": "603000", "cost_center": "DR", "title": "LIBRARY:PUB SERV-ADMIN/DIGITAL REFERENCE", "unit": 2}}, {"model": "qdb.account", "pk": 93, "fields": {"account": "603000", "cost_center": "EX", "title": "LIBRARY:PUB SERV-ADMIN/INTERCAMPUS EX", "unit": 2}}, {"model": "qdb.account", "pk": 94, "fields": {"account": "603000", "cost_center": "IN", "title": "LIBRARY:PUB SERV-ADMIN/INFO LITERACY", "unit": 2}}, {"model": "qdb.account", "pk": 95, "fields": {"account": "603000", "cost_center": "L1", "title": "LIBRARY:PUBLIC SERV-PUBL SERV ADM/LAUC 1", "unit": 2}}, {"model": "qdb.account", "pk": 96, "fields": {"account": "603000", "cost_center": "TL", "title": "LIBRARY:PUB SERV-ADMIN/TEACHNG & LEARNG", "unit": 2}}, {"model": "qdb.account", "pk": 97, "fields": {"account": "603000", "cost_center": "UI", "title": "LIBRARY:PUB SERV-ADMIN/UNDERGRAD INTIATV", "unit": 2}}, {"model": "qdb.account", "pk": 98, "fields": {"account": "603000", "cost_center": "WD", "title": "LIBRARY:PUBLIC SERV-ADMIN/WEB DESIGN", "unit": 2}}, {"model": "qdb.account", "pk": 99, "fields": {"account": "603100", "cost_center": "", "title": "LIBRARY: PUBLIC SERV-ACCESS CIRCULATION", "unit": 8}}, {"model": "qdb.account", "pk": 100, "fields": {"account": "603100", "cost_center": "AR", "title": "LIBRARY: PUB SRV-ACCESS CIRC/ART", "unit": 8}}, {"model": "qdb.account", "pk": 101, "fields": {"account": "603100", "cost_center": "AS", "title": "LIBRARY: PUB SRV-ACCESS CIRC/ACCESS SERV", "unit": 8}}, {"model": "qdb.account", "pk": 102, "fields": {"account": "603100", "cost_center": "CL", "title": "LIBRARY: PUB SRV-ACCESS CIRC/POWELL", "unit": 8}}, {"model": "qdb.account", "pk": 103, "fields": {"account": "603100", "cost_center": "DD", "title": "LIBRARY:PBLC SRV-ACC CIRC-DOC DELIVERY", "unit": 8}}, {"model": "qdb.account", "pk": 104, "fields": {"account": "603100", "cost_center": "DV", "title": "LIBRARY: SYSTEMS-SYSTEMS/DIVERSITY", "unit": 8}}, {"model": "qdb.account", "pk": 105, "fields": {"account": "603100", "cost_center": "EH", "title": "LIBRARY:PUB SRV-ACCESS CIRC/INTERCAMPUS", "unit": 8}}, {"model": "qdb.account", "pk": 106, "fields": {"account": "603100", "cost_center": "FE", "title": "LIBRARY: PUB SRV-ACCESS CIRC/PROC FEES", "unit": 8}}, {"model": "qdb.account", "pk": 107, "fields": {"account": "603100", "cost_center": "GB", "title": "LIBRARY:PUB SERV-ACCESS CIRC-GOOGLE BOOK", "unit": 8}}, {"model": "qdb.account", "pk": 108, "fields": {"account": "603100", "cost_center": "LC", "title": "LIBRARY: PUBLIC SERV-ACCESS CIRC-LOCKERS", "unit": 8}}, {"model": "qdb.account", "pk": 109, "fields": {"account": "603100", "cost_center": "LL", "title": "LIB:PBLC SRV-ACC CIRC-INTERLIB LOAN", "unit": 8}}, {"model": "qdb.account", "pk": 110, "fields": {"account": "603100", "cost_center": "LM", "title": "LIBRARY:PUB SERV-ACCESS SVC/LIB MATERIAL", "unit": 8}}, {"model": "qdb.account", "pk": 111, "fields": {"account": "603100", "cost_center": "LT", "title": "LIBRARY: PUBLIC SRV-ACC CIRC-LIMIT CARDS", "unit": 8}}, {"model": "qdb.account", "pk": 112, "fields": {"account": "603100", "cost_center": "MU", "title": "LIBRARY: PUB SRV-ACCESS CIRC/MUSIC", "unit": 8}}, {"model": "qdb.account", "pk": 113, "fields": {"account": "603100", "cost_center": "YR", "title": "LIBRARY: PUBLIC SERV-ACCESS CIRC/YRL", "unit": 8}}, {"model": "qdb.account", "pk": 114, "fields": {"account": "603200", "cost_center": "", "title": "LIB-PUBLIC SERVICE-AFFILIATED LIBRARY", "unit": 8}}, {"model": "qdb.account", "pk": 115, "fields": {"account": "603200", "cost_center": "AS", "title": "LIB:PUB SERV-AFFILIATED LIB/ACCESS SVCS", "unit": 8}}, {"model": "qdb.account", "pk": 116, "fields": {"account": "603300", "cost_center": "", "title": "LIBRARY: PUBLIC SERV-COLLEGE", "unit": 9}}, {"model": "qdb.account", "pk": 117, "fields": {"account": "603300", "cost_center": "CL", "title": "LIBRARY:PUB SERV-POWELL LIBR", "unit": 9}}, {"model": "qdb.account", "pk": 118, "fields": {"account": "603300", "cost_center": "EV", "title": "LIBRARY: PUB SERV-COLLEGE/EVENTS", "unit": 9}}, {"model": "qdb.account", "pk": 119, "fields": {"account": "603300", "cost_center": "IN", "title": "LIBRARY:PS-COLLEGE/INFORMATION LITERACY", "unit": 9}}, {"model": "qdb.account", "pk": 120, "fields": {"account": "603300", "cost_center": "L1", "title": "LIBRARY: PUBLIC SERV-COLLEGE/LAUC 1", "unit": 9}}, {"model": "qdb.account", "pk": 121, "fields": {"account": "603300", "cost_center": "L2", "title": "LIBRARY: PUBLIC SERV-COLLEGE/LAUC 2", "unit": 9}}, {"model": "qdb.account", "pk": 122, "fields": {"account": "603300", "cost_center": "L3", "title": "LIBRARY: PUBLIC SERV-COLLEGE/LAUC 4", "unit": 9}}, {"model": "qdb.account", "pk": 123, "fields": {"account": "603300", "cost_center": "LA", "title": "LIBRARY: PUBLIC SERV-COLLEGE/LAUC-LA", "unit": 9}}, {"model": "qdb.account", "pk": 124, "fields": {"account": "603300", "cost_center": "LM", "title": "LIBRARY: PUBLIC SERV-COLLEGE/LIB MATRLS", "unit": 9}}, {"model": "qdb.account", "pk": 125, "fields": {"account": "603400", "cost_center": "", "title": "LIBRARY:PUBLIC SERV-ACAD SVCS", "unit": 2}}, {"model": "qdb.account", "pk": 126, "fields": {"account": "603400", "cost_center": "AD", "title": "LIBRARY:PUB SERV-ACAD SVCS/ADMIN", "unit": 2}}, {"model": "qdb.account", "pk": 127, "fields": {"account": "603400", "cost_center": "DE", "title": "LIBRARY:PUB SERV-ACAD SVCS/DEVELOPMENT", "unit": 2}}, {"model": "qdb.account", "pk": 128, "fields": {"account": "603400", "cost_center": "EM", "title": "LIBRARY:PUB SERV-SCI & ENGR/EMS LIBRARY", "unit": 2}}, {"model": "qdb.account", "pk": 129, "fields": {"account": "603400", "cost_center": "LB", "title": "LIBRARY:PUB SERV-ACAD SVCS/BINDERY", "unit": 2}}, {"model": "qdb.account", "pk": 130, "fields": {"account": "603500", "cost_center": "", "title": "LIBRARY: PUBLIC SERV-FINE ARTS", "unit": 10}}, {"model": "qdb.account", "pk": 131, "fields": {"account": "603500", "cost_center": "AR", "title": "LIBRARY:PUB SERV-FINE ARTS/ART", "unit": 10}}, {"model": "qdb.account", "pk": 132, "fields": {"account": "603500", "cost_center": "AU", "title": "LIBRARY:PUB SERV-FINE ARTS/AUPL", "unit": 10}}, {"model": "qdb.account", "pk": 133, "fields": {"account": "603500", "cost_center": "BL", "title": "LIBRARY: PUBLIC SERV-FINE ARTS/BACKLOG", "unit": 10}}, {"model": "qdb.account", "pk": 134, "fields": {"account": "603500", "cost_center": "CP", "title": "LIB:PUB SERV-FINE ARTS/CTR PRI RES&TRNG", "unit": 10}}, {"model": "qdb.account", "pk": 135, "fields": {"account": "603500", "cost_center": "DE", "title": "LIBRARY:PUBLIC SERV-FINE ARTS/DEVELOPMNT", "unit": 10}}, {"model": "qdb.account", "pk": 136, "fields": {"account": "603500", "cost_center": "DL", "title": "LIBRARY:PUB SERV-FINE ARTS/DIGITAL LIB", "unit": 10}}, {"model": "qdb.account", "pk": 137, "fields": {"account": "603500", "cost_center": "DV", "title": "LIBRARY: PUBLIC SERV-FINE ARTS/DIVERSITY", "unit": 10}}, {"model": "qdb.account", "pk": 138, "fields": {"account": "603500", "cost_center": "LA", "title": "LIBRARY:PUB SERV-FINE ARTS/LAUC", "unit": 10}}, {"model": "qdb.account", "pk": 139, "fields": {"account": "603500", "cost_center": "LB", "title": "LIBRARY: PUBLIC SERV-FINE ARTS/BINDERY", "unit": 10}}, {"model": "qdb.account", "pk": 140, "fields": {"account": "603500", "cost_center": "LM", "title": "LIBRARY:PUBLIC SERV-FINE ARTS/LIB MATRLS", "unit": 10}}, {"model": "qdb.account", "pk": 141, "fields": {"account": "603500", "cost_center": "MU", "title": "LIBRARY:PUB SERV-FINE ARTS/MUSIC", "unit": 11}}, {"model": "qdb.account", "pk": 142, "fields": {"account": "603500", "cost_center": "PF", "title": "LIBRARY:PUB SERV-FINE ARTS/PERFRMNG ARTS", "unit": 10}}, {"model": "qdb.account", "pk": 143, "fields": {"account": "603510", "cost_center": "", "title": "LIBRARY: PUBLIC SERV-ARTS LIBRARY", "unit": 10}}, {"model": "qdb.account", "pk": 144, "fields": {"account": "603510", "cost_center": "LM", "title": "LIBRARY: PUBLIC SERV-ARTS/LIB MATERIAL", "unit": 10}}, {"model": "qdb.account", "pk": 145, "fields": {"account": "603512", "cost_center": "", "title": "LIBRARY:PUBLIC SERV-ARTS #2", "unit": 10}}, {"model": "qdb.account", "pk": 146, "fields": {"account": "603512", "cost_center": "LM", "title": "LIBRARY:PUBLIC SERV-ARTS #2/LIB MATERIAL", "unit": 10}}, {"model": "qdb.account", "pk": 147, "fields": {"account": "603513", "cost_center": "", "title": "LIBRARY:PUBLIC SERV-ARTS #3", "unit": 10}}, {"model": "qdb.account", "pk": 148, "fields": {"account": "603513", "cost_center": "LM", "title": "LIBRARY:PUBLIC SERV-ARTS #3/LIB MATERIAL", "unit": 10}}, {"model": "qdb.account", "pk": 149, "fields": {"account": "603520", "cost_center": "", "title": "LIBRARY: PUBLIC SERV-MUSIC LIBRARY", "unit": 11}}, {"model": "qdb.account", "pk": 150, "fields": {"account": "603520", "cost_center": "LM", "title": "LIBRARY: PUBLIC SERV-MUSIC/LIB MATERIAL", "unit": 11}}, {"model": "qdb.account", "pk": 151, "fields": {"account": "603525", "cost_center": "", "title": "LIB:PUBSRV-MUSIC/EXTRMRL", "unit": 11}}, {"model": "qdb.account", "pk": 152, "fields": {"account": "603525", "cost_center": "DI", "title": "LIB:PUBSRV-MUSIC/EXTRMRL/DIV & INC INIT", "unit": 11}}, {"model": "qdb.account", "pk": 153, "fields": {"account": "603600", "cost_center": "", "title": "LIBRARY: PUBLIC SERV-MANAGEMENT", "unit": 12}}, {"model": "qdb.account", "pk": 154, "fields": {"account": "603600", "cost_center": "LM", "title": "LIBRARY:PUBLIC SERV-MGMT/LIB MATERIALS", "unit": 12}}, {"model": "qdb.account", "pk": 155, "fields": {"account": "603600", "cost_center": "MG", "title": "LIBRARY:PUB SERV-MANAGEMENT/MGMT LIBR", "unit": 12}}, {"model": "qdb.account", "pk": 156, "fields": {"account": "603700", "cost_center": "", "title": "LIBRARY: PUBLIC SERV-COMMUNICATIONS OFFI", "unit": 2}}, {"model": "qdb.account", "pk": 157, "fields": {"account": "603700", "cost_center": "CO", "title": "LIBRARY: PUBLIC SERV-COMMUNICATIONS OFFI", "unit": 2}}, {"model": "qdb.account", "pk": 158, "fields": {"account": "603800", "cost_center": "", "title": "LIBRARY: PUBLIC SERV-MAPS & GOV INFO", "unit": 13}}, {"model": "qdb.account", "pk": 159, "fields": {"account": "603800", "cost_center": "CA", "title": "LIBRARY:PUB SERV-EAST ASIAN LIB-CATALOG", "unit": 13}}, {"model": "qdb.account", "pk": 160, "fields": {"account": "603800", "cost_center": "DE", "title": "LIBRARY:PUB SERV-E ASIAN LIB/DEVELOPMENT", "unit": 13}}, {"model": "qdb.account", "pk": 161, "fields": {"account": "603800", "cost_center": "DL", "title": "LIBRARY:PUB SERV-E ASIAN LIB/DIGITAL LIB", "unit": 13}}, {"model": "qdb.account", "pk": 162, "fields": {"account": "603800", "cost_center": "EA", "title": "LIBRARY:PUB SERV-EAST ASIAN LIBRARY", "unit": 13}}, {"model": "qdb.account", "pk": 163, "fields": {"account": "603800", "cost_center": "L1", "title": "LIBRARY: PUB SERV-EAST ASIAN LIB/LAUC1", "unit": 13}}, {"model": "qdb.account", "pk": 164, "fields": {"account": "603800", "cost_center": "L2", "title": "LIB:PUBLIC SERV-EAST ASIAN LIB/LAUC3", "unit": 13}}, {"model": "qdb.account", "pk": 165, "fields": {"account": "603800", "cost_center": "LA", "title": "LIBRARY:PUB SERV-E ASIAN LIB/LAUC", "unit": 13}}, {"model": "qdb.account", "pk": 166, "fields": {"account": "603800", "cost_center": "LB", "title": "LIBRARY:PUB SERV-EAST ASIAN LIB/BINDERY", "unit": 13}}, {"model": "qdb.account", "pk": 167, "fields": {"account": "603800", "cost_center": "LM", "title": "LIBRARY:PUBLIC SERV-EAST ASIAN/LIB MATRL", "unit": 13}}, {"model": "qdb.account", "pk": 168, "fields": {"account": "603800", "cost_center": "MP", "title": "LIBRARY: PUBLIC SERV-MAPS & GOV INFO", "unit": 13}}, {"model": "qdb.account", "pk": 169, "fields": {"account": "603900", "cost_center": "", "title": "LIBRARY:PUB SERV", "unit": 14}}, {"model": "qdb.account", "pk": 170, "fields": {"account": "603900", "cost_center": "CF", "title": "LIBRARY:PUB SERV-CRIS/CLIR FELLOW", "unit": 14}}, {"model": "qdb.account", "pk": 171, "fields": {"account": "603900", "cost_center": "CY", "title": "LIBRARY:PUB SERV-COL, REF & INSTRCT SVCS", "unit": 14}}, {"model": "qdb.account", "pk": 172, "fields": {"account": "603900", "cost_center": "DE", "title": "LIBRARY:PUB SERV-CRIS/DEVELOPMENT", "unit": 14}}, {"model": "qdb.account", "pk": 173, "fields": {"account": "603900", "cost_center": "DL", "title": "LIBRARY:PUB SERV-CRIS/DIGITAL LIBRARY", "unit": 14}}, {"model": "qdb.account", "pk": 174, "fields": {"account": "603900", "cost_center": "DU", "title": "LIBRARY:PUB SERV-CRIS-DRESSUP", "unit": 14}}, {"model": "qdb.account", "pk": 175, "fields": {"account": "603900", "cost_center": "IG", "title": "LIBRARY:PUB SERV-CRIS/INNOVATION GRANT", "unit": 14}}, {"model": "qdb.account", "pk": 176, "fields": {"account": "603900", "cost_center": "L1", "title": "LIBRARY:PUB SERV-CRIS/LAUC 2", "unit": 2}}, {"model": "qdb.account", "pk": 177, "fields": {"account": "603900", "cost_center": "L2", "title": "LIBRARY:PUB SERV-CRIS/LAUC 3", "unit": 14}}, {"model": "qdb.account", "pk": 178, "fields": {"account": "603900", "cost_center": "L3", "title": "LIBRARY:PUB SERV-CRIS/LAUC 4", "unit": 14}}, {"model": "qdb.account", "pk": 179, "fields": {"account": "603900", "cost_center": "L4", "title": "LIBRARY:PUB SERV/LAUC 5", "unit": 14}}, {"model": "qdb.account", "pk": 180, "fields": {"account": "603900", "cost_center": "L5", "title": "LIBRARY:PUB SERV/LAUC 6", "unit": 14}}, {"model": "qdb.account", "pk": 181, "fields": {"account": "603900", "cost_center": "L6", "title": "LIBRARY:PUB SERV/LAUC 7", "unit": 14}}, {"model": "qdb.account", "pk": 182, "fields": {"account": "603900", "cost_center": "LA", "title": "LIBRARY:PUB SERV-CRIS/LAUC", "unit": 14}}, {"model": "qdb.account", "pk": 183, "fields": {"account": "603900", "cost_center": "LB", "title": "LIBRARY:PUB SERV-CRIS-YRL LIB/BINDERY", "unit": 14}}, {"model": "qdb.account", "pk": 184, "fields": {"account": "603900", "cost_center": "LM", "title": "LIBRARY:PUB SERV-CRIS/LIBRARY MATERIALS", "unit": 14}}, {"model": "qdb.account", "pk": 185, "fields": {"account": "603900", "cost_center": "MP", "title": "LIBRARY:PUB SERV", "unit": 14}}, {"model": "qdb.account", "pk": 186, "fields": {"account": "603900", "cost_center": "RS", "title": "LIBRARY:PUB SERV-REF & INSTRUCT SVCS", "unit": 14}}, {"model": "qdb.account", "pk": 187, "fields": {"account": "603912", "cost_center": "", "title": "LIBRARY:PUB SERV-CRIS #2", "unit": 14}}, {"model": "qdb.account", "pk": 188, "fields": {"account": "603912", "cost_center": "LM", "title": "LIBRARY:PUB SERV-CRIS #2/LIB MATERIALS", "unit": 14}}, {"model": "qdb.account", "pk": 189, "fields": {"account": "603913", "cost_center": "", "title": "LIBRARY:PUB SERV-CRIS #3", "unit": 14}}, {"model": "qdb.account", "pk": 190, "fields": {"account": "603913", "cost_center": "LM", "title": "LIBRARY:PUB SERV-CRIS #3/LIB MATERIALS", "unit": 14}}, {"model": "qdb.account", "pk": 191, "fields": {"account": "603914", "cost_center": "", "title": "LIBRARY:PUB SERV-CRIS #4", "unit": 14}}, {"model": "qdb.account", "pk": 192, "fields": {"account": "603914", "cost_center": "LM", "title": "LIBRARY:PUB SERV-CRIS #4/LIB MATERIALS", "unit": 14}}, {"model": "qdb.account", "pk": 193, "fields": {"account": "603915", "cost_center": "", "title": "LIBRARY:PUB SERV-CRIS #5", "unit": 14}}, {"model": "qdb.account", "pk": 194, "fields": {"account": "603915", "cost_center": "LM", "title": "LIBRARY:PUB SERV-CRIS #5/LIB MATERIALS", "unit": 14}}, {"model": "qdb.account", "pk": 195, "fields": {"account": "604000", "cost_center": "", "title": "LIBRARY: TECHNICAL SERV-TECH SERVICES", "unit": 15}}, {"model": "qdb.account", "pk": 196, "fields": {"account": "604000", "cost_center": "AD", "title": "LIBRARY:TECH SERV-TECH SVC/ADMIN", "unit": 15}}, {"model": "qdb.account", "pk": 197, "fields": {"account": "604000", "cost_center": "AH", "title": "LIBRARY:TECH SERV-TECH SVC/ARCHIVES", "unit": 15}}, {"model": "qdb.account", "pk": 198, "fields": {"account": "604000", "cost_center": "CF", "title": "LIBRARY:TECH SERV-TECH SVC/CLIR FELLOW", "unit": 15}}, {"model": "qdb.account", "pk": 199, "fields": {"account": "604000", "cost_center": "CN", "title": "LIBRARY:TECH SERV-CONSERVATION", "unit": 15}}, {"model": "qdb.account", "pk": 200, "fields": {"account": "604000", "cost_center": "DC", "title": "LIBRARY:TECH SERV-DIGITAL COL MGMT & LIC", "unit": 15}}, {"model": "qdb.account", "pk": 201, "fields": {"account": "604000", "cost_center": "DE", "title": "LIBRARY:TECH SERV-TECH SVC/DEVELOPMENT", "unit": 15}}, {"model": "qdb.account", "pk": 202, "fields": {"account": "604000", "cost_center": "DL", "title": "LIBRARY:TECH SERVICES-DIGITAL LIBRARY", "unit": 15}}, {"model": "qdb.account", "pk": 203, "fields": {"account": "604000", "cost_center": "FA", "title": "LIBRARY:TECH SERV-TECH SRV-FINDING AIDS", "unit": 15}}, {"model": "qdb.account", "pk": 204, "fields": {"account": "604000", "cost_center": "GB", "title": "LIBRARY:TECHNICAL SERV-GOOGLE BOOKS", "unit": 15}}, {"model": "qdb.account", "pk": 205, "fields": {"account": "604000", "cost_center": "LB", "title": "LIBRARY:TECH SERV-UNIV ARCHVS/BINDERY", "unit": 15}}, {"model": "qdb.account", "pk": 206, "fields": {"account": "604000", "cost_center": "OA", "title": "LIB:TECH SERV-TECH SVC/UCOP-OPEN ACCESS", "unit": 2}}, {"model": "qdb.account", "pk": 207, "fields": {"account": "604000", "cost_center": "PR", "title": "LIBRARY:TECH SERV-/PRESERVATION PROJECTS", "unit": 2}}, {"model": "qdb.account", "pk": 208, "fields": {"account": "604010", "cost_center": "", "title": "LIB:TECH SRV-DIG COL MGT & LIC-EXTRAMURL", "unit": 2}}, {"model": "qdb.account", "pk": 209, "fields": {"account": "604010", "cost_center": "MI", "title": "LIB:TECH SRV-DIG COL MGT & LIC-EXTRA/MI", "unit": 2}}, {"model": "qdb.account", "pk": 210, "fields": {"account": "604100", "cost_center": "", "title": "LIBRARY: TECHNICAL SERV-ACQUISITIONS", "unit": 16}}, {"model": "qdb.account", "pk": 211, "fields": {"account": "604100", "cost_center": "AQ", "title": "LIBRARY:TECH SERV-ACQUISITIONS/ACQUIS", "unit": 16}}, {"model": "qdb.account", "pk": 212, "fields": {"account": "604100", "cost_center": "BL", "title": "LIBRARY:TECH SERV-ACQUISITIONS/BACKLOG", "unit": 16}}, {"model": "qdb.account", "pk": 213, "fields": {"account": "604100", "cost_center": "MR", "title": "LIBRARY:TECH SERV-ACQUISITIONS/MAILROOM", "unit": 16}}, {"model": "qdb.account", "pk": 214, "fields": {"account": "604100", "cost_center": "SH", "title": "LIBRARY:TECH SERV-ACQUIS/SHELF READY", "unit": 16}}, {"model": "qdb.account", "pk": 215, "fields": {"account": "604100", "cost_center": "SP", "title": "LIBRARY:TECH SERV-ACQUIS/SHARED PRINT", "unit": 16}}, {"model": "qdb.account", "pk": 216, "fields": {"account": "604100", "cost_center": "SR", "title": "LIBRARY:TECH SERV-ACQUIS/SERIAL PATTERN", "unit": 16}}, {"model": "qdb.account", "pk": 217, "fields": {"account": "604200", "cost_center": "", "title": "LIBRARY: TECHNICAL SERV-CATALOGING", "unit": 17}}, {"model": "qdb.account", "pk": 218, "fields": {"account": "604200", "cost_center": "BL", "title": "LIBRARY:TECH SRV-CATALOGING/BACKLOG", "unit": 17}}, {"model": "qdb.account", "pk": 219, "fields": {"account": "604200", "cost_center": "CA", "title": "LIBRARY:TECH SERV-CATALOGING/CATALOG", "unit": 17}}, {"model": "qdb.account", "pk": 220, "fields": {"account": "604200", "cost_center": "LA", "title": "LIBRARY: TECH SERV-CATALOGING/LAUC", "unit": 17}}, {"model": "qdb.account", "pk": 221, "fields": {"account": "604200", "cost_center": "OC", "title": "LIBRARY:TECH SERV-CATALOGING/OUTSOURCED", "unit": 17}}, {"model": "qdb.account", "pk": 222, "fields": {"account": "604200", "cost_center": "OT", "title": "LIBRARY:TECH SERV-CATALOGING/OUTSOURCED", "unit": 17}}, {"model": "qdb.account", "pk": 223, "fields": {"account": "604200", "cost_center": "SP", "title": "LIBRARY:TECH SRV-CATALOGING/SHARED PRINT", "unit": 17}}, {"model": "qdb.account", "pk": 224, "fields": {"account": "604300", "cost_center": "", "title": "LIBRARY:TECHNICAL SERVICES", "unit": 18}}, {"model": "qdb.account", "pk": 225, "fields": {"account": "604300", "cost_center": "CN", "title": "LIBRARY: TECHNICAL SVCS/CONSERVATION", "unit": 18}}, {"model": "qdb.account", "pk": 226, "fields": {"account": "604300", "cost_center": "GS", "title": "LIBRARY:TECH SERV-PRESERV/GOLDEN STATE", "unit": 18}}, {"model": "qdb.account", "pk": 227, "fields": {"account": "604300", "cost_center": "LA", "title": "LIBRARY: TECHNICAL SVCS/LAUC", "unit": 18}}, {"model": "qdb.account", "pk": 228, "fields": {"account": "604300", "cost_center": "LB", "title": "LIBRARY: TECHNICAL SVCS/BINDERY", "unit": 18}}, {"model": "qdb.account", "pk": 229, "fields": {"account": "604300", "cost_center": "PR", "title": "LIBRARY: TECHNICAL SVCS/PRESERVATION", "unit": 18}}, {"model": "qdb.account", "pk": 230, "fields": {"account": "604300", "cost_center": "UC", "title": "LIB:TECH SVS/PRESERVE/UC CURATION CTR", "unit": 18}}, {"model": "qdb.account", "pk": 231, "fields": {"account": "604310", "cost_center": "", "title": "LIBRARY:TECH SVCS-EXTRAMURAL", "unit": 18}}, {"model": "qdb.account", "pk": 232, "fields": {"account": "604310", "cost_center": "CN", "title": "LIBRARY:TECH SVCS-EXTRAMURAL/CONSERVATN", "unit": 18}}, {"model": "qdb.account", "pk": 233, "fields": {"account": "605000", "cost_center": "", "title": "LIBRARY: SYSTEMS-SYSTEMS", "unit": 19}}, {"model": "qdb.account", "pk": 234, "fields": {"account": "605000", "cost_center": "AD", "title": "LIBRARY:SYSTEMS-SYSTEMS/ADMINISTRATION", "unit": 19}}, {"model": "qdb.account", "pk": 235, "fields": {"account": "605000", "cost_center": "AE", "title": "LIBRARY:SYSTEMS-SYSTEMS/EQUIPMENT SUPP", "unit": 19}}, {"model": "qdb.account", "pk": 236, "fields": {"account": "605000", "cost_center": "BR", "title": "LIBRARY: SYSTEMS-SYSTEMS/BRAIN SCAN", "unit": 19}}, {"model": "qdb.account", "pk": 237, "fields": {"account": "605000", "cost_center": "CA", "title": "LIBRARY:SYSTEMS-SYSTEMS/CAMPUS INFO", "unit": 19}}, {"model": "qdb.account", "pk": 238, "fields": {"account": "605000", "cost_center": "CF", "title": "LIBRARY:SYSTEMS-SYSTEMS/CLIR FELLOW", "unit": 19}}, {"model": "qdb.account", "pk": 239, "fields": {"account": "605000", "cost_center": "DA", "title": "LIBRARY: SYSTEMS-SYSTEMS/DATA ARCHIVES", "unit": 20}}, {"model": "qdb.account", "pk": 240, "fields": {"account": "605000", "cost_center": "DL", "title": "LIBRARY: SYSTEMS-SYSTEMS/DIGITAL LIBRARY", "unit": 4}}, {"model": "qdb.account", "pk": 241, "fields": {"account": "605000", "cost_center": "DV", "title": "LIBRARY: SYSTEMS-SYSTEMS/DIVERSITY", "unit": 19}}, {"model": "qdb.account", "pk": 242, "fields": {"account": "605000", "cost_center": "FE", "title": "LIBRARY: SYSTEMS-SYSTEMS/PROC FEES", "unit": 19}}, {"model": "qdb.account", "pk": 243, "fields": {"account": "605000", "cost_center": "LA", "title": "LIBRARY:PUB SERV-SYS/LAUC", "unit": 19}}, {"model": "qdb.account", "pk": 244, "fields": {"account": "605000", "cost_center": "LD", "title": "LIBRARY: SYSTEMS-SYSTEMS-DEVELOPMENT", "unit": 21}}, {"model": "qdb.account", "pk": 245, "fields": {"account": "605000", "cost_center": "OA", "title": "LIBRARY:SYSTEMS-SYSTEMS/UCOP-OPEN ACCESS", "unit": 19}}, {"model": "qdb.account", "pk": 246, "fields": {"account": "605000", "cost_center": "OR", "title": "LIBRARY: SYSTEMS-SYSTEMS/ORION 2", "unit": 19}}, {"model": "qdb.account", "pk": 247, "fields": {"account": "605000", "cost_center": "SY", "title": "LIBRARY:SYSTEMS-SYSTEMS/SCHOLARLY COMM", "unit": 19}}, {"model": "qdb.account", "pk": 248, "fields": {"account": "605100", "cost_center": "", "title": "LIBRARY: SYSTEMS-DIGITAL LIBRARY", "unit": 4}}, {"model": "qdb.account", "pk": 249, "fields": {"account": "605100", "cost_center": "DH", "title": "LIBRARY:SYSTEMS-DIG LIB-DIG HUM FELLSHP", "unit": 4}}, {"model": "qdb.account", "pk": 250, "fields": {"account": "605100", "cost_center": "DL", "title": "LIBRARY: SYSTEMS-DIGITAL LIBRARY", "unit": 4}}, {"model": "qdb.account", "pk": 251, "fields": {"account": "605100", "cost_center": "DS", "title": "LIB:DIGITAL LIB SUPPLEMENTAL BUDGET PLAN", "unit": 4}}, {"model": "qdb.account", "pk": 252, "fields": {"account": "605100", "cost_center": "PP", "title": "LIBRARY:SYSTEMS-DIGITAL LIB-PORTAL PROJ", "unit": 4}}, {"model": "qdb.account", "pk": 253, "fields": {"account": "605100", "cost_center": "PR", "title": "LIBRARY:SYSTEMS-DIGITAL LIB-PRESERVTION", "unit": 4}}, {"model": "qdb.account", "pk": 254, "fields": {"account": "605100", "cost_center": "UC", "title": "LIBRARY:SYS-DIGITAL LIB/UC CURATION CTR", "unit": 4}}, {"model": "qdb.account", "pk": 255, "fields": {"account": "605200", "cost_center": "", "title": "LIBRARY:SYS-DIG LIB-EXTRAMURAL", "unit": 4}}, {"model": "qdb.account", "pk": 256, "fields": {"account": "605200", "cost_center": "AG", "title": "LIBRARY:SYS-DIG LIB-EXTRAMURAL/AEGARON", "unit": 4}}, {"model": "qdb.account", "pk": 257, "fields": {"account": "605200", "cost_center": "CT", "title": "LIB:SYS-DIG LIB-EXTRMRL/ST CATHERINE DGT", "unit": 4}}, {"model": "qdb.account", "pk": 258, "fields": {"account": "605200", "cost_center": "CU", "title": "LIB:SYS-DIG LIB-EXTRMRL/CUNEIFORM CDLI 2", "unit": 4}}, {"model": "qdb.account", "pk": 259, "fields": {"account": "605200", "cost_center": "CW", "title": "CW LIBRARY:SYS-DIG LIB-EXTRAMURAL/COBWEB", "unit": 4}}, {"model": "qdb.account", "pk": 260, "fields": {"account": "605200", "cost_center": "DL", "title": "LIB:SYS-DIG LIB-EXTRMRL/DIGITAL LIBRARY", "unit": 4}}, {"model": "qdb.account", "pk": 261, "fields": {"account": "605200", "cost_center": "EG", "title": "LIBRARY:SYS-DIG LIB-EXTRMURAL/EGYPTOLOGY", "unit": 4}}, {"model": "qdb.account", "pk": 262, "fields": {"account": "605200", "cost_center": "LO", "title": "LIB:SYS-DG LB-EXTRMRL/LIVNGSTN FLD DIARY", "unit": 4}}, {"model": "qdb.account", "pk": 263, "fields": {"account": "605200", "cost_center": "LV", "title": "LIB:SYS-DIG LIB-EXTRMRL/LIVINGSTONE ONLN", "unit": 4}}, {"model": "qdb.account", "pk": 264, "fields": {"account": "605200", "cost_center": "MN", "title": "LIBRARY:SYS-DIG LIB-EXTRAMURAL/MINASIAN", "unit": 4}}, {"model": "qdb.account", "pk": 265, "fields": {"account": "605200", "cost_center": "PL", "title": "LIBRARY:SYS-DIG LIB-EXTRAMURAL/STEEL", "unit": 4}}, {"model": "qdb.account", "pk": 266, "fields": {"account": "605200", "cost_center": "SM", "title": "LIBRARY:SYS-DIG LIB-EXTRAMRL/SHEET MUSIC", "unit": 4}}, {"model": "qdb.account", "pk": 267, "fields": {"account": "605200", "cost_center": "TT", "title": "LIBRARY:SYS-DIG LIB-EXTRAMURAL/ISEBEL", "unit": 4}}, {"model": "qdb.account", "pk": 268, "fields": {"account": "605200", "cost_center": "VS", "title": "LIBRARY:SYS-DIG LIB-EXTRAMURAL/VSIM", "unit": 4}}, {"model": "qdb.account", "pk": 269, "fields": {"account": "606000", "cost_center": "", "title": "LIBRARY: COLL DEVELOP-COLLECTION DEVELOP", "unit": 2}}, {"model": "qdb.account", "pk": 270, "fields": {"account": "606000", "cost_center": "AD", "title": "LIBRARY:COLL DEV-COLL DEV/ADMINISTRATION", "unit": 2}}, {"model": "qdb.account", "pk": 271, "fields": {"account": "606000", "cost_center": "LB", "title": "LIBRARY:COLL DEV-COLL DEV/BINDERY", "unit": 2}}, {"model": "qdb.account", "pk": 272, "fields": {"account": "606000", "cost_center": "LM", "title": "LIBRARY:COLL DEV-COLL DEV/LIB MATERIALS", "unit": 2}}, {"model": "qdb.account", "pk": 273, "fields": {"account": "606100", "cost_center": "", "title": "LIBRARY: COLL DEVELOP-BIBLIOGRAPHERS GRP", "unit": 2}}, {"model": "qdb.account", "pk": 274, "fields": {"account": "606100", "cost_center": "BG", "title": "LIBRARY:COLL DEV-BIBLIOG GROUP/BIBS", "unit": 2}}, {"model": "qdb.account", "pk": 275, "fields": {"account": "606100", "cost_center": "GN", "title": "LIBRARY:COLL DEV-BIBLIOG GRP/GLBL NETWRK", "unit": 2}}, {"model": "qdb.account", "pk": 276, "fields": {"account": "606100", "cost_center": "TI", "title": "LIBRARY:CD-BG-TECHNOLOGICAL INNOVATION", "unit": 2}}, {"model": "qdb.account", "pk": 277, "fields": {"account": "606200", "cost_center": "", "title": "LIBRARY: COLL DEVELOP-EAST ASIAN", "unit": 2}}, {"model": "qdb.account", "pk": 278, "fields": {"account": "606200", "cost_center": "EA", "title": "LIBRARY:COLL DEV-EAST ASIAN/EAST ASIAN", "unit": 2}}, {"model": "qdb.account", "pk": 279, "fields": {"account": "606300", "cost_center": "", "title": "LIBRARY: COLL DEVELOP-COLL DEVELOP", "unit": 2}}, {"model": "qdb.account", "pk": 280, "fields": {"account": "606300", "cost_center": "CD", "title": "LIBRARY:COLL DEV-COL DEV/COLL DEV & MGMT", "unit": 2}}, {"model": "qdb.account", "pk": 281, "fields": {"account": "606300", "cost_center": "LM", "title": "LIBRARY: COLL DEVELOP-COLL DEV/LIB MATRL", "unit": 2}}, {"model": "qdb.account", "pk": 282, "fields": {"account": "606400", "cost_center": "", "title": "LIBRARY: COLL DEVELOP-SPECIAL COLLECT", "unit": 15}}, {"model": "qdb.account", "pk": 283, "fields": {"account": "606400", "cost_center": "AH", "title": "LIBRARY: COLL DEVELOP-SPECIAL COLLECT", "unit": 15}}, {"model": "qdb.account", "pk": 284, "fields": {"account": "606400", "cost_center": "CC", "title": "LIBRARY: CD-SPECIAL COLLECT/CAL CULTURES", "unit": 15}}, {"model": "qdb.account", "pk": 285, "fields": {"account": "606400", "cost_center": "CF", "title": "LIBRARY:COLL DEV-SPEC COLLEC/CLIR FELLOW", "unit": 15}}, {"model": "qdb.account", "pk": 286, "fields": {"account": "606400", "cost_center": "CM", "title": "LIBRARY:CD-SPEC COL/CAMPBELL COMPETITION", "unit": 15}}, {"model": "qdb.account", "pk": 287, "fields": {"account": "606400", "cost_center": "CP", "title": "LIBRARY:COLL DEV-SC/CTR PRIMARY RES&TRNG", "unit": 15}}, {"model": "qdb.account", "pk": 288, "fields": {"account": "606400", "cost_center": "DE", "title": "LIBRARY:CD-SPEC COL/DEVELOPMENT", "unit": 15}}, {"model": "qdb.account", "pk": 289, "fields": {"account": "606400", "cost_center": "DL", "title": "LIBRARY:CD-SPEC COL/DIGITAL LIBRARY", "unit": 15}}, {"model": "qdb.account", "pk": 290, "fields": {"account": "606400", "cost_center": "HS", "title": "LIBRARY: HISTORY & SPEC COLLEC SCIENCES", "unit": 15}}, {"model": "qdb.account", "pk": 291, "fields": {"account": "606400", "cost_center": "LA", "title": "LIBRARY:COLL DEV-SPEC COLLEC/LAUC", "unit": 15}}, {"model": "qdb.account", "pk": 292, "fields": {"account": "606400", "cost_center": "LB", "title": "LIBRARY:COLL DEV-SPEC COL LIB/BINDERY", "unit": 15}}, {"model": "qdb.account", "pk": 293, "fields": {"account": "606400", "cost_center": "LM", "title": "LIBRARY:COLL DEV-SPEC COL/LIBRARY MATRLS", "unit": 15}}, {"model": "qdb.account", "pk": 294, "fields": {"account": "606400", "cost_center": "OC", "title": "LIBRARY:CD-SC-UCOP/OPEN CONTENT ALLIANCE", "unit": 15}}, {"model": "qdb.account", "pk": 295, "fields": {"account": "606400", "cost_center": "PA", "title": "LIBRARY:CD-SPECIAL COLLECT/PHOTO ARCHIVE", "unit": 15}}, {"model": "qdb.account", "pk": 296, "fields": {"account": "606400", "cost_center": "SC", "title": "LIBRARY:COLL DEV-SPEC COLLEC/SPEC COLLEC", "unit": 15}}, {"model": "qdb.account", "pk": 297, "fields": {"account": "606400", "cost_center": "SP", "title": "LIBRARY: CD-SC-SHARED PROCESSING FAC", "unit": 15}}, {"model": "qdb.account", "pk": 298, "fields": {"account": "606410", "cost_center": "", "title": "LIBRARY: COLL DEV-SPEC COLL-EXTRAMURAL", "unit": 2}}, {"model": "qdb.account", "pk": 299, "fields": {"account": "606410", "cost_center": "CA", "title": "LIB:COLL DEV-SC/-EXTRAMURAL-CATALOGING", "unit": 2}}, {"model": "qdb.account", "pk": 300, "fields": {"account": "606410", "cost_center": "CP", "title": "LIB:COLL DEV-SC/-EXTRAMURAL-CFPRT", "unit": 2}}, {"model": "qdb.account", "pk": 301, "fields": {"account": "606410", "cost_center": "GS", "title": "LIB:COLL DEV-SC/-EXTRAMURAL-GOLDEN STATE", "unit": 2}}, {"model": "qdb.account", "pk": 302, "fields": {"account": "606410", "cost_center": "MZ", "title": "LIB:COLL DEV-SC/-EXTRAMURAL-MAZER", "unit": 2}}, {"model": "qdb.account", "pk": 303, "fields": {"account": "606410", "cost_center": "RD", "title": "LIB:COLL DEV-SC/-EXTRAMURAL-R. ST. DENIS", "unit": 2}}, {"model": "qdb.account", "pk": 304, "fields": {"account": "606410", "cost_center": "UP", "title": "LIB:COLL DEV-SPEC/EXTRAMRL/UNOCAL PAPERS", "unit": 2}}, {"model": "qdb.account", "pk": 305, "fields": {"account": "606500", "cost_center": "", "title": "LIBRARY: COLL DEVELOP-BOOKS", "unit": 2}}, {"model": "qdb.account", "pk": 306, "fields": {"account": "606500", "cost_center": "LM", "title": "LIBRARY:COLL DEV-BOOKS/LIBRARY MATERIALS", "unit": 2}}, {"model": "qdb.account", "pk": 307, "fields": {"account": "606500", "cost_center": "LQ", "title": "LIBRARY:COLL DEV-BOOKS/LIB MATERIALS-2ND", "unit": 2}}, {"model": "qdb.account", "pk": 308, "fields": {"account": "606500", "cost_center": "MP", "title": "LIBRARY:COLL DEV-BOOKS/LIBRARY MATERIALS", "unit": 2}}, {"model": "qdb.account", "pk": 309, "fields": {"account": "606600", "cost_center": "", "title": "LIBRARY: COLL DEVELOP-BINDING", "unit": 2}}, {"model": "qdb.account", "pk": 310, "fields": {"account": "606600", "cost_center": "LB", "title": "LIBRARY:COLL DEV-BINDING/LIBRARY BINDING", "unit": 2}}, {"model": "qdb.account", "pk": 311, "fields": {"account": "606700", "cost_center": "", "title": "LIBRARY: COLL DEVELOP-ORAL HISTORY", "unit": 2}}, {"model": "qdb.account", "pk": 312, "fields": {"account": "606700", "cost_center": "RH", "title": "LIBRARY:COLL DEV-ORAL HIST/ORAL HIST PRO", "unit": 2}}, {"model": "qdb.account", "pk": 313, "fields": {"account": "606800", "cost_center": "", "title": "LIBRARY:COLL DEV", "unit": 22}}, {"model": "qdb.account", "pk": 314, "fields": {"account": "606800", "cost_center": "IS", "title": "LIBRARY:COLL DEV-INTERNATIONAL STUDIES", "unit": 22}}, {"model": "qdb.account", "pk": 315, "fields": {"account": "606800", "cost_center": "LM", "title": "LIBRARY:COLL DEV-INT'L STUDIES/LIB MATER", "unit": 22}}, {"model": "qdb.account", "pk": 316, "fields": {"account": "787660", "cost_center": "", "title": "ORAL HISTORY PROGRAM", "unit": 1}}, {"model": "qdb.account", "pk": 317, "fields": {"account": "787660", "cost_center": "RH", "title": "LIBRARY:COLL DEV-ORAL HIST/ORAL HIST PRO", "unit": 1}}, {"model": "qdb.account", "pk": 318, "fields": {"account": "790001", "cost_center": "", "title": "LIBRARY:ADM SVC-ADMIN SER/FIN AID", "unit": 2}}, {"model": "qdb.account", "pk": 319, "fields": {"account": "790001", "cost_center": "GE", "title": "LIB:ADM SVC-ADMIN SER/FIN AID/GEN LIB", "unit": 2}}, {"model": "qdb.account", "pk": 320, "fields": {"account": "790001", "cost_center": "SC", "title": "LIB:ADM SVC-ADMIN/FIN AID/SPEC COLLEC", "unit": 2}}, {"model": "qdb.account", "pk": 321, "fields": {"account": "801183", "cost_center": "", "title": "UNDISTR ALLOC-UNIVERSITY LIBRARY", "unit": 2}}, {"model": "qdb.account", "pk": 322, "fields": {"account": "804235", "cost_center": "", "title": "CODE4LIB CONF 2017", "unit": 2}}, {"model": "qdb.account", "pk": 323, "fields": {"account": "804600", "cost_center": "", "title": "AGENCY FD-STATE LIBRARY", "unit": 2}}, {"model": "qdb.account", "pk": 324, "fields": {"account": "600002", "cost_center": "", "title": "LIBRARY:BUDGET ADMINISTRATION", "unit": 2}}, {"model": "qdb.account", "pk": 325, "fields": {"account": "600002", "cost_center": "HD", "title": "LIBRARY:BUDGET ADMINISTRATION/HOLD", "unit": 2}}, {"model": "qdb.account", "pk": 326, "fields": {"account": "600002", "cost_center": "RS", "title": "LIBRARY:BUDGET ADMINISTRATION/RESERVE", "unit": 2}}, {"model": "qdb.account", "pk": 327, "fields": {"account": "600002", "cost_center": "UL", "title": "LIBRARY:ADM SVC-SUPPORT/UNI-LIBRARIAN", "unit": 2}}, {"model": "qdb.account", "pk": 328, "fields": {"account": "609600", "cost_center": "", "title": "UNIVERSITY RESEARCH LIBRARY SUPPORT", "unit": 2}}, {"model": "qdb.account", "pk": 329, "fields": {"account": "898300", "cost_center": "", "title": "UNIV LIB-TAX ASSESSMENT UNDISTRIBUTED", "unit": 2}}, {"model": "qdb.account", "pk": 330, "fields": {"account": "898300", "cost_center": "8X", "title": "UNIV LIB-TAX ASSESSMENT UNDISTRIBUTED", "unit": 2}}, {"model": "qdb.account", "pk": 331, "fields": {"account": "601000", "cost_center": "", "title": "LIBRARY:SCIENCES-BIOMEDICAL LIBRARY/", "unit": 23}}, {"model": "qdb.account", "pk": 332, "fields": {"account": "601000", "cost_center": "AC", "title": "LIBRARY:SCIENCES-BIOMED/ACQUISITIONS", "unit": 23}}, {"model": "qdb.account", "pk": 333, "fields": {"account": "601000", "cost_center": "AD", "title": "LIBRARY:SCIENCES-BIOMED/ADMINISTRATION", "unit": 23}}, {"model": "qdb.account", "pk": 334, "fields": {"account": "601000", "cost_center": "AF", "title": "LIBRARY:SCIENCES-BIOMED/ADMIN OFFICE", "unit": 23}}, {"model": "qdb.account", "pk": 335, "fields": {"account": "601000", "cost_center": "BF", "title": "LIBRARY:SCIENCES-BIOMED/TEAM BUILDING", "unit": 23}}, {"model": "qdb.account", "pk": 336, "fields": {"account": "601000", "cost_center": "BI", "title": "LIBRARY:SCIENCES-BIOMED/BIOMED LIB", "unit": 23}}, {"model": "qdb.account", "pk": 337, "fields": {"account": "601000", "cost_center": "BM", "title": "LIBRARY:SCIENCES-BIOMED/BIOMED LIB", "unit": 23}}, {"model": "qdb.account", "pk": 338, "fields": {"account": "601000", "cost_center": "CB", "title": "LIBRARY:SCIENCES-BIOMED/CATALOGING", "unit": 23}}, {"model": "qdb.account", "pk": 339, "fields": {"account": "601000", "cost_center": "CD", "title": "LIBRARY:SCIENCES-BIOMED/COLL DEV", "unit": 23}}, {"model": "qdb.account", "pk": 340, "fields": {"account": "601000", "cost_center": "CF", "title": "LIBRARY:SCIENCES-BIOMED/CLIR FELLOW", "unit": 23}}, {"model": "qdb.account", "pk": 341, "fields": {"account": "601000", "cost_center": "CL", "title": "LIBRARY:SCIENCES-BIOMED/CLASSES", "unit": 23}}, {"model": "qdb.account", "pk": 342, "fields": {"account": "601000", "cost_center": "CR", "title": "LIBRARY:SCIENCES-BIOMED/CIRCULATION", "unit": 23}}, {"model": "qdb.account", "pk": 343, "fields": {"account": "601000", "cost_center": "DD", "title": "LIBRARY:SCIENCES-BIOMED/DOCUMENT DELIV", "unit": 23}}, {"model": "qdb.account", "pk": 344, "fields": {"account": "601000", "cost_center": "DE", "title": "LIBRARY:SCIENCES-BIOMED/DEVELOPMENT", "unit": 23}}, {"model": "qdb.account", "pk": 345, "fields": {"account": "601000", "cost_center": "DP", "title": "LIBRARY:SCIENCES-BIOMED/DIGITAL PROJECT", "unit": 23}}, {"model": "qdb.account", "pk": 346, "fields": {"account": "601000", "cost_center": "EH", "title": "LIBRARY SCI-BIOMED/INTERCAMPUS EXCHANGE", "unit": 23}}, {"model": "qdb.account", "pk": 347, "fields": {"account": "601000", "cost_center": "EX", "title": "LIBRARY:SCIENCES-BIOMED/ILL & OE", "unit": 23}}, {"model": "qdb.account", "pk": 348, "fields": {"account": "601000", "cost_center": "GF", "title": "BIOMEDICAL LIBRARY", "unit": 23}}, {"model": "qdb.account", "pk": 349, "fields": {"account": "601000", "cost_center": "HS", "title": "LIBRARY:SCIENCES-BIOMED/HISTORY", "unit": 23}}, {"model": "qdb.account", "pk": 350, "fields": {"account": "601000", "cost_center": "IA", "title": "LIBRARY:SCI-BIOMED LIB/IAMIMS PROJECT", "unit": 23}}, {"model": "qdb.account", "pk": 351, "fields": {"account": "601000", "cost_center": "LB", "title": "LIBRARY:SCIENCES-BIOMED LIB/BINDERY", "unit": 23}}, {"model": "qdb.account", "pk": 352, "fields": {"account": "601000", "cost_center": "LL", "title": "LIBRARY:SCIENCES-BIOMED/INTERLIB LOAN", "unit": 23}}, {"model": "qdb.account", "pk": 353, "fields": {"account": "601000", "cost_center": "LM", "title": "LIBRARY:SCIENCES-BIOMED/LIB MATERIALS", "unit": 23}}, {"model": "qdb.account", "pk": 354, "fields": {"account": "601000", "cost_center": "LR", "title": "LIBRARY:SCIENCES-BIOMED/LEARNING RES", "unit": 23}}, {"model": "qdb.account", "pk": 355, "fields": {"account": "601000", "cost_center": "RC", "title": "LIBRARY:SCI-BIOMED/RES,INSTR & COLL SVCS", "unit": 23}}, {"model": "qdb.account", "pk": 356, "fields": {"account": "601000", "cost_center": "RE", "title": "LIBRARY:SCIENCES-BIOMED/REFERENCE", "unit": 23}}, {"model": "qdb.account", "pk": 357, "fields": {"account": "601000", "cost_center": "RM", "title": "LIBRARY:SCIENCES-BIOMED/PSRNN/LM", "unit": 23}}, {"model": "qdb.account", "pk": 358, "fields": {"account": "601000", "cost_center": "S1", "title": "LIBRARY:SCIENCE-BIOMED/SUSPENSE REDIRECT", "unit": 23}}, {"model": "qdb.account", "pk": 359, "fields": {"account": "601000", "cost_center": "S2", "title": "LIBRARY:SCI-BIOMED/WS CBR-GAEL REDIRECT", "unit": 23}}, {"model": "qdb.account", "pk": 360, "fields": {"account": "601000", "cost_center": "SD", "title": "LIBRARY:SCIENCES-BIOMED/SEL DISSEM", "unit": 23}}, {"model": "qdb.account", "pk": 361, "fields": {"account": "601000", "cost_center": "SE", "title": "LIBRARY:SCIENCES-BIOMED/BIB SEARCHES", "unit": 23}}, {"model": "qdb.account", "pk": 362, "fields": {"account": "601000", "cost_center": "TC", "title": "LIBRARY:SCIENCES-BIOMD/TECH & LEARNG CTR", "unit": 23}}, {"model": "qdb.account", "pk": 363, "fields": {"account": "601000", "cost_center": "TL", "title": "LIBRARY:SCIENCES-BIOMED/TEACHNG & LEARNG", "unit": 23}}, {"model": "qdb.account", "pk": 364, "fields": {"account": "601000", "cost_center": "UN", "title": "LIBRARY:SCIENCES-BIOMED LIBRARY/UNCOVER", "unit": 23}}, {"model": "qdb.account", "pk": 365, "fields": {"account": "601001", "cost_center": "", "title": "BIOMEDICAL LIBRARY", "unit": 23}}, {"model": "qdb.account", "pk": 366, "fields": {"account": "601002", "cost_center": "", "title": "BIOMEDICAL LIBRARY", "unit": 23}}, {"model": "qdb.account", "pk": 367, "fields": {"account": "601100", "cost_center": "", "title": "LIBRARY: SCIENCES-SCIENCE & ENGR LIBRARY", "unit": 24}}, {"model": "qdb.account", "pk": 368, "fields": {"account": "601100", "cost_center": "AC", "title": "LIBRARY:SCIENCES-SEL/ACQUISITIONS", "unit": 24}}, {"model": "qdb.account", "pk": 369, "fields": {"account": "601100", "cost_center": "AD", "title": "LIBRARY:SCIENCES-SEL/ADMINISTRATION", "unit": 24}}, {"model": "qdb.account", "pk": 370, "fields": {"account": "601100", "cost_center": "AQ", "title": "LIBRARY:SCIENCES-PSTL/ACQUISITIONS", "unit": 24}}, {"model": "qdb.account", "pk": 371, "fields": {"account": "601100", "cost_center": "BL", "title": "LIBRARY:SCI-SEL/BACKLOG", "unit": 24}}, {"model": "qdb.account", "pk": 372, "fields": {"account": "601100", "cost_center": "CD", "title": "LIBRARY:SCIENCES-SEL/COLL DEVEL", "unit": 24}}, {"model": "qdb.account", "pk": 373, "fields": {"account": "601100", "cost_center": "CH", "title": "LIBRARY:SCIENCES-SEL/CHEMISTRY LIBRARY", "unit": 24}}, {"model": "qdb.account", "pk": 374, "fields": {"account": "601100", "cost_center": "CT", "title": "LIBRARY:SCIENCES-PSTL/CATALOGING", "unit": 24}}, {"model": "qdb.account", "pk": 375, "fields": {"account": "601100", "cost_center": "EH", "title": "LIBRARY: SCI-PSTL/INTERCAPMUS EXCHANGE", "unit": 24}}, {"model": "qdb.account", "pk": 376, "fields": {"account": "601100", "cost_center": "EM", "title": "LIBRARY:SCIENCES-SEL/EMS LIBRARY", "unit": 24}}, {"model": "qdb.account", "pk": 377, "fields": {"account": "601100", "cost_center": "GG", "title": "LIBRARY:SCIENCES-SEL/GEOLOGY LIBRARY", "unit": 24}}, {"model": "qdb.account", "pk": 378, "fields": {"account": "601100", "cost_center": "LB", "title": "LIBRARY:SCIENCES-SEL LIB/BINDERY", "unit": 24}}, {"model": "qdb.account", "pk": 379, "fields": {"account": "601100", "cost_center": "LL", "title": "LIBRARY:SCIENCES-SEL/ILL", "unit": 24}}, {"model": "qdb.account", "pk": 380, "fields": {"account": "601100", "cost_center": "LM", "title": "LIBRARY:SCIENCES-SEL/LIBRARY MATERIALS", "unit": 24}}, {"model": "qdb.account", "pk": 381, "fields": {"account": "601100", "cost_center": "PH", "title": "LIBRARY:SCIENCES-SEL/PHYSICS LIBRARY", "unit": 24}}, {"model": "qdb.account", "pk": 382, "fields": {"account": "601100", "cost_center": "RF", "title": "LIBRARY: SCIENCES-SEL/REFERENCE", "unit": 24}}, {"model": "qdb.account", "pk": 383, "fields": {"account": "601100", "cost_center": "SE", "title": "LIBRARY: SEL - INTERLIBRARY LOAN", "unit": 24}}, {"model": "qdb.account", "pk": 384, "fields": {"account": "601100", "cost_center": "TF", "title": "LIBRARY:SCIENCES-PSTL/TASK FORCE", "unit": 24}}, {"model": "qdb.account", "pk": 385, "fields": {"account": "601100", "cost_center": "UN", "title": "LIBRARY:SCIENCES-PSTL/ILL/UNCOVER", "unit": 24}}, {"model": "qdb.account", "pk": 386, "fields": {"account": "601110", "cost_center": "", "title": "LIBRARY: SCIENCES-CHEMISTRY LIBRARY", "unit": 24}}, {"model": "qdb.account", "pk": 387, "fields": {"account": "601110", "cost_center": "LM", "title": "LIBRARY: SCIENCES-CHEM/LIB MATERIALS", "unit": 24}}, {"model": "qdb.account", "pk": 388, "fields": {"account": "601120", "cost_center": "", "title": "LIBRARY: SCIENCES-ENG-MATH SCIENCES LIB", "unit": 24}}, {"model": "qdb.account", "pk": 389, "fields": {"account": "601120", "cost_center": "LM", "title": "LIBRARY: SCIENCES-EMS/LIB MATERIALS", "unit": 24}}, {"model": "qdb.account", "pk": 390, "fields": {"account": "601130", "cost_center": "", "title": "LIBRARY: SCIENCES-GEOLOGY", "unit": 24}}, {"model": "qdb.account", "pk": 391, "fields": {"account": "601130", "cost_center": "LM", "title": "LIBRARY: SCIENCES-GEOLOGY/LIB MATERIALS", "unit": 24}}, {"model": "qdb.account", "pk": 392, "fields": {"account": "601140", "cost_center": "", "title": "LIBRARY: SCIENCES-PHYSICS", "unit": 24}}, {"model": "qdb.account", "pk": 393, "fields": {"account": "601140", "cost_center": "LM", "title": "LIBRARY: SCIENCES-PHYSICS/LIB MATERIALS", "unit": 24}}, {"model": "qdb.account", "pk": 394, "fields": {"account": "601200", "cost_center": "", "title": "LIBRARY: SCIENCES-PACIFIC SW-REG MED LIB", "unit": 23}}, {"model": "qdb.account", "pk": 395, "fields": {"account": "601200", "cost_center": "AU", "title": "ALL OF US SUPPLEMENT - NIH/NLM: RML", "unit": 23}}, {"model": "qdb.account", "pk": 396, "fields": {"account": "601200", "cost_center": "GM", "title": "LIBRARY:SCIENCES-PSRMLS/OUTREACH", "unit": 23}}, {"model": "qdb.account", "pk": 397, "fields": {"account": "601200", "cost_center": "ML", "title": "LIBRARY:SCIENCES-PSRMLS/TRAINING", "unit": 23}}, {"model": "qdb.account", "pk": 398, "fields": {"account": "601200", "cost_center": "NS", "title": "LIBRARY:SCI-PSRNN/LM CONTRCT NONSEVERBLE", "unit": 23}}, {"model": "qdb.account", "pk": 399, "fields": {"account": "601200", "cost_center": "RL", "title": "LIBRARY:SCIENCES-PSRMLS/ENHANCEMENTS", "unit": 23}}, {"model": "qdb.account", "pk": 400, "fields": {"account": "601200", "cost_center": "RM", "title": "LIBRARY:SCIENCES-PSRNN/LM/CONTRACTS", "unit": 23}}, {"model": "qdb.account", "pk": 401, "fields": {"account": "601200", "cost_center": "SP", "title": "ALL OF US SUPPLEMENT Y5 - NIH/NLM: RML", "unit": 23}}, {"model": "qdb.account", "pk": 402, "fields": {"account": "601208", "cost_center": "", "title": "BIOMEDICAL LIBRARY", "unit": 23}}, {"model": "qdb.account", "pk": 403, "fields": {"account": "607100", "cost_center": "", "title": "LIBRARY-SOUTHERN REGIONAL LIBRARY FCLTY", "unit": 25}}, {"model": "qdb.account", "pk": 404, "fields": {"account": "607100", "cost_center": "AD", "title": "LIBRARY:SRLF/ADMIN", "unit": 25}}, {"model": "qdb.account", "pk": 405, "fields": {"account": "607100", "cost_center": "DD", "title": "LIBRARY:SRLF/DOCUMENT DELIVERY", "unit": 25}}, {"model": "qdb.account", "pk": 406, "fields": {"account": "607100", "cost_center": "DS", "title": "LIBRARY-SRLF/DESKTOP SERVICES", "unit": 25}}, {"model": "qdb.account", "pk": 407, "fields": {"account": "607100", "cost_center": "MF", "title": "LIBRARY-SRLF-MICROFILM", "unit": 25}}, {"model": "qdb.account", "pk": 408, "fields": {"account": "607100", "cost_center": "PR", "title": "LIBRARY:SRLF/PROCESSING", "unit": 25}}, {"model": "qdb.account", "pk": 409, "fields": {"account": "607100", "cost_center": "PS", "title": "LIBRARY:SRLF/PUBLICSERVICE", "unit": 25}}, {"model": "qdb.account", "pk": 410, "fields": {"account": "607100", "cost_center": "S1", "title": "LIBRARY-SRLF/SUSPENSE REDIRECT", "unit": 25}}, {"model": "qdb.account", "pk": 411, "fields": {"account": "607100", "cost_center": "S2", "title": "LIBRARY-SRLF/WS CBR-GAEL REDIRECT", "unit": 25}}, {"model": "qdb.account", "pk": 412, "fields": {"account": "607100", "cost_center": "SF", "title": "LIBRARY-SRLF/ORION EXPRESS", "unit": 25}}, {"model": "qdb.account", "pk": 413, "fields": {"account": "607100", "cost_center": "SJ", "title": "LIBRARY:SRLF/SHARED JOURNALS", "unit": 25}}, {"model": "qdb.account", "pk": 414, "fields": {"account": "607100", "cost_center": "SR", "title": "LIBRARY-SOUTHERN REGIONAL LIBRARY FCLTY", "unit": 25}}, {"model": "qdb.account", "pk": 415, "fields": {"account": "607100", "cost_center": "ST", "title": "LIBRARY:SRLF/STACKS", "unit": 25}}, {"model": "qdb.account", "pk": 416, "fields": {"account": "607100", "cost_center": "TE", "title": "LIBRARY-SO REGIONAL LIB FCLTY/TECH AIDS", "unit": 25}}, {"model": "qdb.account", "pk": 417, "fields": {"account": "607200", "cost_center": "", "title": "LIBRARY:SRLF-UCOP", "unit": 25}}, {"model": "qdb.account", "pk": 418, "fields": {"account": "607200", "cost_center": "GB", "title": "LIBRARY:SRLF-UCOP/GOOGLE BOOKS", "unit": 25}}, {"model": "qdb.account", "pk": 419, "fields": {"account": "607200", "cost_center": "JA", "title": "LIBRARY:SRLF-UCOP/JOURNAL ARCHIVING", "unit": 25}}, {"model": "qdb.account", "pk": 420, "fields": {"account": "607200", "cost_center": "JS", "title": "LIBRARY:SRLF-UCOP/JSTOR", "unit": 25}}, {"model": "qdb.account", "pk": 421, "fields": {"account": "607200", "cost_center": "OC", "title": "LIBRARY:SRLF-UCOP/OPEN CONTENT ALLIANCE", "unit": 25}}, {"model": "qdb.account", "pk": 422, "fields": {"account": "607200", "cost_center": "SP", "title": "LIBRARY:SRLF-UCOP/SHARED PRINT", "unit": 25}}, {"model": "qdb.account", "pk": 423, "fields": {"account": "607200", "cost_center": "WS", "title": "LIBRARY:SRLF-UCOP/WEST PROJECT", "unit": 25}}, {"model": "qdb.account", "pk": 424, "fields": {"account": "722800", "cost_center": "", "title": "LIBRARY:REPROGRAPHICS ADMINISTRATION", "unit": 8}}, {"model": "qdb.account", "pk": 425, "fields": {"account": "722800", "cost_center": "AD", "title": "LIBRARY:REPROGRAPHICS-ADMINISTRATION", "unit": 8}}, {"model": "qdb.account", "pk": 426, "fields": {"account": "722800", "cost_center": "CP", "title": "LIBRARY:REPROGRAPHICS-COPIERS", "unit": 8}}, {"model": "qdb.account", "pk": 427, "fields": {"account": "722800", "cost_center": "EQ", "title": "LIBRARY:REPROGRAPHICS/EQUIPMENT", "unit": 8}}, {"model": "qdb.account", "pk": 428, "fields": {"account": "722800", "cost_center": "LC", "title": "LIBRARY:REPROGRAPHICS/LIB COMMITMENT", "unit": 8}}, {"model": "qdb.account", "pk": 429, "fields": {"account": "722800", "cost_center": "LE", "title": "LIBRARY-REPROGRAPHICS/LIBRARY EXPENSES", "unit": 8}}, {"model": "qdb.account", "pk": 430, "fields": {"account": "722800", "cost_center": "MF", "title": "LIBRARY:REPROGRAPHICS/MICRO FILM", "unit": 8}}, {"model": "qdb.account", "pk": 431, "fields": {"account": "722800", "cost_center": "RP", "title": "LIBRARY:REPROGRAPHICS/READER PRINTERS", "unit": 8}}, {"model": "qdb.account", "pk": 432, "fields": {"account": "722800", "cost_center": "SK", "title": "LIBRARY:REPROGRAPHICS/SCANNERS", "unit": 8}}, {"model": "qdb.account", "pk": 433, "fields": {"account": "722800", "cost_center": "TP", "title": "LIBRARY:REPROGRAPHICS/TERMINAL PRINTERS", "unit": 8}}, {"model": "qdb.account", "pk": 434, "fields": {"account": "609100", "cost_center": "", "title": "UNIV LIB:CLICC", "unit": 26}}, {"model": "qdb.account", "pk": 435, "fields": {"account": "609100", "cost_center": "AD", "title": "UNIV LIB:CLICC-ADMINISTRATION", "unit": 26}}, {"model": "qdb.account", "pk": 436, "fields": {"account": "609100", "cost_center": "BI", "title": "LIB COMP SVCS-STAFF-BIOMED COMPUTING LAB", "unit": 26}}, {"model": "qdb.account", "pk": 437, "fields": {"account": "609100", "cost_center": "CL", "title": "LIB COMP SVCS-STAFF-CLICC COMPTRS & LABS", "unit": 26}}, {"model": "qdb.account", "pk": 438, "fields": {"account": "609100", "cost_center": "DI", "title": "UNIV LIB:CLICC/DISKS", "unit": 26}}, {"model": "qdb.account", "pk": 439, "fields": {"account": "609100", "cost_center": "LC", "title": "LIB COMP SVCS-STAFF-PUBLIC/STAFF CMPTRS", "unit": 26}}, {"model": "qdb.account", "pk": 440, "fields": {"account": "609100", "cost_center": "S1", "title": "UNIV LIB:CLICC/SUSPENSE REDIRECT", "unit": 26}}, {"model": "qdb.account", "pk": 441, "fields": {"account": "609100", "cost_center": "S2", "title": "UNIV LIB:CLICC/WS CBR-GAEL REDIRECT", "unit": 26}}, {"model": "qdb.account", "pk": 442, "fields": {"account": "609200", "cost_center": "", "title": "LIBRARY COMPUTING SERVICES-HARDWARE", "unit": 26}}, {"model": "qdb.account", "pk": 443, "fields": {"account": "609200", "cost_center": "BI", "title": "LIB COMP SVCS-HARDWARE-BIOMED CMPTNG LAB", "unit": 26}}, {"model": "qdb.account", "pk": 444, "fields": {"account": "609200", "cost_center": "CL", "title": "LIB COMP SVCS-HARDWARE-CLICC", "unit": 26}}, {"model": "qdb.account", "pk": 445, "fields": {"account": "609200", "cost_center": "LC", "title": "LIB COMP SVCS-HARDWARE-PUBLIC/STAFF COMP", "unit": 26}}, {"model": "qdb.account", "pk": 446, "fields": {"account": "609200", "cost_center": "PU", "title": "LIB COMP SVCS-HARDWARE-PUBLIC COMPUTERS", "unit": 26}}, {"model": "qdb.account", "pk": 447, "fields": {"account": "609200", "cost_center": "SF", "title": "LIB COMP SVCS-HARDWARE-STAFF COMPUTERS", "unit": 26}}, {"model": "qdb.account", "pk": 448, "fields": {"account": "609300", "cost_center": "", "title": "LIBRARY COMPUTING SERVICES-SOFTWARE", "unit": 26}}, {"model": "qdb.account", "pk": 449, "fields": {"account": "609300", "cost_center": "BI", "title": "LIB COMP SVCS-SOFTWARE-BIOMED CMPTNG LAB", "unit": 26}}, {"model": "qdb.account", "pk": 450, "fields": {"account": "609300", "cost_center": "CL", "title": "LIB COMP SVCS-SOFTWARE-CLICC", "unit": 26}}, {"model": "qdb.account", "pk": 451, "fields": {"account": "609300", "cost_center": "LC", "title": "LIB COMP SVCS-SOFTWARE-PUBLIC/STAFF COMP", "unit": 26}}, {"model": "qdb.account", "pk": 452, "fields": {"account": "609400", "cost_center": "", "title": "LIB COMP SVCS-OTHER SUPPLIES AND EXPENSE", "unit": 26}}, {"model": "qdb.account", "pk": 453, "fields": {"account": "609400", "cost_center": "BI", "title": "LIB COMP SVCS-OTH S & E-BIOMD CMPTNG LAB", "unit": 26}}, {"model": "qdb.account", "pk": 454, "fields": {"account": "609400", "cost_center": "CL", "title": "LIB COMP SVCS-OTHER SUPP & EXP-CLICC", "unit": 26}}, {"model": "qdb.account", "pk": 455, "fields": {"account": "609400", "cost_center": "LC", "title": "LIB COMP SVCS-OTH S & E-PUBLC/STAFF COMP", "unit": 26}}, {"model": "qdb.account", "pk": 456, "fields": {"account": "432974", "cost_center": "", "title": "FILM & TELEVISION ARCHIVE-UNALLOCATED", "unit": 27}}, {"model": "qdb.account", "pk": 457, "fields": {"account": "432974", "cost_center": "8A", "title": "FILM & TELEVISION ARCHIVE-UNALLOCATED", "unit": 27}}, {"model": "qdb.account", "pk": 458, "fields": {"account": "432975", "cost_center": "", "title": "FILM AND TELEVISION ARCHIVE", "unit": 27}}, {"model": "qdb.account", "pk": 459, "fields": {"account": "432975", "cost_center": "2A", "title": "FILM & TELEVISION ARCHIVE/ADMIN", "unit": 27}}, {"model": "qdb.account", "pk": 460, "fields": {"account": "432975", "cost_center": "2B", "title": "FILM & TELEVISION ARCHIVE/ADMIN/PRES CTR", "unit": 27}}, {"model": "qdb.account", "pk": 461, "fields": {"account": "432975", "cost_center": "3A", "title": "FILM & TELEVISION ARCHIVE/RES & STUDY CT", "unit": 27}}, {"model": "qdb.account", "pk": 462, "fields": {"account": "432975", "cost_center": "3M", "title": "FILM & TELEVISION ARCHIVE/MIAS", "unit": 27}}, {"model": "qdb.account", "pk": 463, "fields": {"account": "432975", "cost_center": "5A", "title": "FILM & TELEVISION ARCHIVE/PROGRAMMING", "unit": 27}}, {"model": "qdb.account", "pk": 464, "fields": {"account": "432975", "cost_center": "5B", "title": "FILM & TELEVISION ARCHIVE/PRESERVATION", "unit": 27}}, {"model": "qdb.account", "pk": 465, "fields": {"account": "432975", "cost_center": "5C", "title": "FILM & TELEVISION ARCHIVAL SERVICES", "unit": 27}}, {"model": "qdb.account", "pk": 466, "fields": {"account": "432975", "cost_center": "5D", "title": "FILM AND TV ARCHIVE/1141 N. SEWARD", "unit": 27}}, {"model": "qdb.account", "pk": 467, "fields": {"account": "432975", "cost_center": "5T", "title": "FILM AND TELEVISION ARCHIVE/INFO SYSTEM", "unit": 27}}, {"model": "qdb.account", "pk": 468, "fields": {"account": "432975", "cost_center": "5X", "title": "FILM & TELEVISION ARCHIVE/COMMERCIAL SVC", "unit": 27}}, {"model": "qdb.account", "pk": 469, "fields": {"account": "432975", "cost_center": "6A", "title": "FILM AND TV ARC/CURATORIAL ADMIN", "unit": 27}}, {"model": "qdb.account", "pk": 470, "fields": {"account": "432975", "cost_center": "6C", "title": "FILM AND TV ARC/SANTA CLARITA", "unit": 27}}, {"model": "qdb.account", "pk": 471, "fields": {"account": "432975", "cost_center": "S1", "title": "FILM AND TV ARCHIVE/SUSPENSE REDIRECT", "unit": 27}}, {"model": "qdb.account", "pk": 472, "fields": {"account": "432975", "cost_center": "S2", "title": "FILM AND TV ARCHIVE/WS CBR-GAEL REDIRECT", "unit": 27}}, {"model": "qdb.account", "pk": 473, "fields": {"account": "432976", "cost_center": "", "title": "FILM AND TELEVISION ARCHIVE PROGRAM", "unit": 27}}, {"model": "qdb.account", "pk": 474, "fields": {"account": "432976", "cost_center": "AA", "title": "FILM AND TELEVISION ARCHIVE/ALSBERG", "unit": 27}}, {"model": "qdb.account", "pk": 475, "fields": {"account": "432976", "cost_center": "ER", "title": "FILM AND TELEVISION ARCHIVE/RICHMOND", "unit": 27}}, {"model": "qdb.account", "pk": 476, "fields": {"account": "432976", "cost_center": "SR", "title": "FILM AND TELEVISION ARCHIVE/RICCI", "unit": 27}}, {"model": "qdb.account", "pk": 477, "fields": {"account": "432976", "cost_center": "TK", "title": "FILM AND TELEVISION ARCHIVE/KITTLESON", "unit": 27}}, {"model": "qdb.account", "pk": 478, "fields": {"account": "432977", "cost_center": "", "title": "FILM & TV ARCHIVE-PRESERVATION CENTER", "unit": 27}}, {"model": "qdb.account", "pk": 479, "fields": {"account": "442975", "cost_center": "", "title": "THEATER, FILM & TV-THEATRICAL PROPERTIES", "unit": 27}}, {"model": "qdb.account", "pk": 480, "fields": {"account": "622975", "cost_center": "", "title": "FILM AND TELEVISION ARCHIVE", "unit": 27}}, {"model": "qdb.account", "pk": 481, "fields": {"account": "622975", "cost_center": "2A", "title": "FILM & TELEVISION ARCHIVE/ADMIN", "unit": 27}}, {"model": "qdb.account", "pk": 482, "fields": {"account": "622975", "cost_center": "3A", "title": "FILM & TELEVISION ARCHIVE/RES & STUDY CT", "unit": 27}}, {"model": "qdb.account", "pk": 483, "fields": {"account": "622975", "cost_center": "3M", "title": "FILM & TELEVISION ARCHIVE/MIAS", "unit": 27}}, {"model": "qdb.account", "pk": 484, "fields": {"account": "622975", "cost_center": "5A", "title": "FILM & TELEVISION ARCHIVE/PROGRAMMING", "unit": 27}}, {"model": "qdb.account", "pk": 485, "fields": {"account": "622975", "cost_center": "5B", "title": "FILM & TELEVISION ARCHIVE/PRESERVATION", "unit": 27}}, {"model": "qdb.account", "pk": 486, "fields": {"account": "622975", "cost_center": "5C", "title": "FILM & TELEVISION ARCHIVE/COLLECTIONS", "unit": 27}}, {"model": "qdb.account", "pk": 487, "fields": {"account": "622975", "cost_center": "6A", "title": "FILM AND TV ARC/CURATORIAL ADMIN", "unit": 27}}, {"model": "qdb.account", "pk": 488, "fields": {"account": "622975", "cost_center": "6C", "title": "FILM AND TV ARC/SANTA CLARITA", "unit": 27}}, {"model": "qdb.account", "pk": 489, "fields": {"account": "622976", "cost_center": "", "title": "FILM AND TELEVISION ARCHIVE/", "unit": 27}}, {"model": "qdb.account", "pk": 490, "fields": {"account": "622976", "cost_center": "AA", "title": "FILM AND TELEVISION ARCHIVE/ALSBERG", "unit": 27}}, {"model": "qdb.account", "pk": 491, "fields": {"account": "622976", "cost_center": "CH", "title": "FILM AND TELEVISION ARCHIVE/HORAK", "unit": 27}}, {"model": "qdb.account", "pk": 492, "fields": {"account": "622976", "cost_center": "ER", "title": "FILM AND TELEVISION ARCHIVE/RICHMOND", "unit": 27}}, {"model": "qdb.account", "pk": 493, "fields": {"account": "622976", "cost_center": "RS", "title": "FILM AND TELEVISION ARCHIVE/STONE", "unit": 27}}, {"model": "qdb.account", "pk": 494, "fields": {"account": "622976", "cost_center": "SR", "title": "FILM AND TELEVISION ARCHIVE/RICCI", "unit": 27}}, {"model": "qdb.account", "pk": 495, "fields": {"account": "622976", "cost_center": "TK", "title": "FILM AND TELEVISION ARCHIVE/KITTLESON", "unit": 27}}, {"model": "qdb.account", "pk": 496, "fields": {"account": "622976", "cost_center": "VS", "title": "FILM AND TELEVISION ARCHIVE/STEEL", "unit": 27}}, {"model": "qdb.account", "pk": 497, "fields": {"account": "622977", "cost_center": "", "title": "FILM & TV ARCHIVES SUMMER TRAINING PROG", "unit": 27}}, {"model": "qdb.account", "pk": 498, "fields": {"account": "622978", "cost_center": "", "title": "FILM & TV ARCHIVE PUBLIC SRVS PROJECTS", "unit": 27}}, {"model": "qdb.account", "pk": 499, "fields": {"account": "782975", "cost_center": "", "title": "FILM AND TELEVISION ARCHIVE", "unit": 27}}, {"model": "qdb.account", "pk": 500, "fields": {"account": "782975", "cost_center": "2A", "title": "FILM & TELEVISION ARCHIVE/ADMIN", "unit": 27}}, {"model": "qdb.account", "pk": 501, "fields": {"account": "782975", "cost_center": "2C", "title": "FILM & TELEVISION ARCHIVE/STUDENT AWARD", "unit": 27}}, {"model": "qdb.account", "pk": 502, "fields": {"account": "782975", "cost_center": "3A", "title": "FILM & TELEVISION ARCHIVE/RES & STUDY CT", "unit": 27}}, {"model": "qdb.account", "pk": 503, "fields": {"account": "782975", "cost_center": "3M", "title": "FILM & TELEVISION ARCHIVE/MIAS", "unit": 27}}, {"model": "qdb.account", "pk": 504, "fields": {"account": "782975", "cost_center": "5A", "title": "FILM & TELEVISION ARCHIVE/PROGRAMMING", "unit": 27}}, {"model": "qdb.account", "pk": 505, "fields": {"account": "782975", "cost_center": "5B", "title": "FILM & TELEVISION ARCHIVE/PRESERVATION", "unit": 27}}, {"model": "qdb.account", "pk": 506, "fields": {"account": "782975", "cost_center": "5C", "title": "FILM & TELEVISION ARCHIVE/COLLECTIONS", "unit": 27}}, {"model": "qdb.account", "pk": 507, "fields": {"account": "782975", "cost_center": "6A", "title": "FILM AND TV ARC/CURATORIAL ADMIN", "unit": 27}}, {"model": "qdb.account", "pk": 508, "fields": {"account": "782975", "cost_center": "6C", "title": "FILM AND TV ARC/SANTA CLARITA", "unit": 27}}, {"model": "qdb.account", "pk": 509, "fields": {"account": "782976", "cost_center": "", "title": "FILM & TELEVISION ARCHIVE", "unit": 27}}, {"model": "qdb.account", "pk": 510, "fields": {"account": "782976", "cost_center": "CH", "title": "FILM & TELEVISION ARCHIVE/HORAK", "unit": 27}}, {"model": "qdb.account", "pk": 511, "fields": {"account": "782976", "cost_center": "ER", "title": "FILM & TELEVISION ARCHIVE/RICHMOND", "unit": 27}}, {"model": "qdb.account", "pk": 512, "fields": {"account": "782976", "cost_center": "SR", "title": "FILM & TELEVISION ARCHIVE/RICCI", "unit": 27}}, {"model": "qdb.account", "pk": 513, "fields": {"account": "792975", "cost_center": "", "title": "THEATER ARTS-MOTION PICTURE FILM LIBRARY", "unit": 27}}]